ANO,CODIGO_DEPARTAMENTO,DEPARTAMENTO,POBLACION_5_16,TASA_MATRICULACION_5_16,COBERTURA_NETA,COBERTURA_NETA_TRANSICION,COBERTURA_NETA_PRIMARIA,COBERTURA_NETA_SECUNDARIA,COBERTURA_NETA_MEDIA,COBERTURA_BRUTA,COBERTURA_BRUTA_TRANSICION,COBERTURA_BRUTA_PRIMARIA,COBERTURA_BRUTA_SECUNDARIA,COBERTURA_BRUTA_MEDIA,TAMANO_PROMEDIO_DE_GRUPO,SEDES_CONECTADAS_A_INTERNET,DESERCION,DESERCION_TRANSICION,DESERCION_PRIMARIA,DESERCION_SECUNDARIA,DESERCION_MEDIA,APROBACION,APROBACION_TRANSICION,APROBACION_PRIMARIA,APROBACION_SECUNDARIA,APROBACION_MEDIA,REPROBACION,REPROBACION_TRANSICION,REPROBACION_PRIMARIA,REPROBACION_SECUNDARIA,REPROBACION_MEDIA,REPITENCIA,REPITENCIA_TRANSICION,REPITENCIA_PRIMARIA,REPITENCIA_SECUNDARIA,REPITENCIA_MEDIA
2011,5,antioquia,1288473,0.9401,0.9385,0.7028,0.9412,0.7568,0.4437,1.0681,0.8569,1.175,1.1081,0.8406,27.47,0.7448,0.0397,0.0362,0.0365,0.0457,0.0371,0.9398,0.0007,0.9456,0.0457,0.9333,0.0206,0.0007,0.9456,0.0254,0.0296,0.0425,0.0007,0.0455999999999999,0.0527,0.0168
2011,8,atlantico,523935,0.9932,0.9905,0.5059,0.9893,0.8022,0.5017,1.0788,0.8419,1.2041,1.0789,0.8798,24.42,0.8046,0.0276,0.026,0.0306,0.0242,0.0260999999999999,0.967,0.0012,0.9649,0.0242,0.9664,0.0054,0.0012,0.9649,0.0067,0.0075,0.0182,0.0012,0.0177,0.0218,0.0088
2011,11,"bogota, d.c.",1479334,0.907,0.9029,0.6862999999999999,0.8698999999999999,0.847,0.5501,0.9778,0.8204,0.9794,1.0648,0.8776,26.75,0.9421,0.0395,0.1005,0.053,0.0196,0.0255,0.9605,0.0,0.9469,0.0196,0.9745,0.0,0.0,0.9469,0.0,0.0,0.0323,0.0,0.023,0.0511,0.0256999999999999
2011,13,bolivar,496676,0.9157,0.914,0.5974,0.9081,0.6734,0.3917,1.1041,0.9882,1.2645,1.0815,0.8064,20.8,0.3012,0.0314,0.0185,0.0293,0.0379,0.0313,0.9476,0.0046,0.9548,0.0379,0.932,0.021,0.0046,0.9548,0.0275,0.0366999999999999,0.0443,0.0046,0.0444,0.0537,0.0227999999999999
2011,15,boyaca,300501,0.8615999999999999,0.8611,0.6335999999999999,0.825,0.7465,0.4909,1.0415,0.7887000000000001,0.9988,1.1978,0.9476,22.77,0.2526,0.0306999999999999,0.024,0.0224,0.0403,0.0351,0.942,0.0017,0.961,0.0403,0.9323,0.0273,0.0017,0.961,0.0431,0.0326,0.0262,0.0017,0.019,0.0419,0.0155
2011,17,caldas,201185,0.8704000000000001,0.8698,0.6498999999999999,0.8386,0.7341,0.4538,0.9813,0.7719,1.0362,1.0393,0.8370000000000001,22.6,0.3474,0.0412999999999999,0.0435,0.0392,0.0487,0.0282,0.9062,0.003,0.9159,0.0487,0.9204,0.0525,0.003,0.9159,0.0725,0.0515,0.0467,0.003,0.0415,0.0655,0.0306999999999999
2011,18,caqueta,124148,0.8878,0.8876000000000001,0.5898,0.9031,0.5731,0.2544,1.0603,0.852,1.3059,1.016,0.6035,23.21,0.0801,0.0364,0.0339,0.0356,0.0391,0.0339,0.9606,0.0005,0.9634,0.0391,0.9345,0.003,0.0005,0.9634,0.0008,0.0315,0.0417,0.0005,0.037,0.0579999999999999,0.0287
2011,19,cauca,328682,0.8634999999999999,0.8621,0.5201,0.8794,0.6158,0.3044,0.9803,0.8181999999999999,1.1783,0.9424,0.6587000000000001,18.29,0.297,0.0275,0.0187,0.0196,0.0391,0.036,0.9253,0.0116999999999999,0.9277,0.0391,0.9177,0.0472,0.0116999999999999,0.9277,0.0464,0.0463,0.0209,0.0116999999999999,0.0175,0.0313,0.0157
2011,20,cesar,263789,0.9475,0.9457,0.6596,0.9522,0.6647,0.3497999999999999,1.1047,1.0565,1.2953,1.0596,0.7306999999999999,20.58,0.2902,0.0707,0.0516999999999999,0.0736,0.0762,0.0542,0.9054,0.0046,0.9102,0.0762,0.908,0.0239,0.0046,0.9102,0.0374,0.0378,0.0167,0.0046,0.0157,0.0219,0.0097
2011,23,cordoba,405431,0.9453,0.9446,0.6718000000000001,0.9322,0.6879000000000001,0.3716,1.1108,1.0369,1.2571,1.1067,0.7866,20.16,0.3525999999999999,0.0458999999999999,0.0545,0.0408,0.053,0.0409999999999999,0.9429,0.0022,0.9513,0.053,0.9319,0.0112,0.0022,0.9513,0.0137,0.0271,0.0407,0.0022,0.0418,0.0453,0.0243
2011,25,cundinamarca,570954,0.9213,0.9193,0.6718999999999999,0.8812000000000001,0.8138,0.4757,1.0334,0.8920999999999999,1.0603,1.1214,0.8621,17.76,0.3504,0.036,0.0348,0.0299,0.0431,0.0372,0.9558,0.0004,0.9662,0.0431,0.945,0.0089,0.0004,0.9662,0.0126,0.0192999999999999,0.027,0.0004,0.0199,0.0418,0.0178
2011,27,choco,145587,0.8379000000000001,0.8379000000000001,0.5017,0.8640000000000001,0.413,0.1964,1.1017,0.77,1.5046000000000002,0.8906000000000001,0.6313,17.86,0.1388,0.0429,0.0289,0.0424,0.0504999999999999,0.0359,0.935,0.0007,0.9419,0.0504999999999999,0.935,0.0220999999999999,0.0007,0.9419,0.0425,0.0291,0.0042,0.0007,0.006,0.0026,0.0007
2011,41,huila,275956,0.9052,0.9047,0.6990000000000001,0.9231,0.735,0.3849,1.0113,0.8747,1.1341,1.0454,0.7111,22.28,0.3028,0.0438,0.04,0.032,0.06,0.0499,0.9239,0.0011,0.9435,0.06,0.8967,0.0324,0.0011,0.9435,0.0446,0.0533999999999999,0.0436,0.0011,0.0441,0.0559,0.0241
2011,44,la guajira,231046,0.7712,0.77,0.4461,0.7468,0.4156,0.2191,0.894,0.8456,1.1907,0.6803,0.4982999999999999,20.22,0.3494,0.0617,0.042,0.0630999999999999,0.0704,0.0465,0.9278,0.0046,0.9258,0.0704,0.9307,0.0107,0.0046,0.9258,0.0078,0.0227999999999999,0.0385,0.0046,0.0449,0.0344,0.0146
2011,47,magdalena,333793,0.9447,0.9432,0.5539999999999999,0.909,0.6653,0.3754999999999999,1.1051,1.0971,1.2912,1.031,0.7584000000000001,21.3,0.2763,0.0363,0.0224,0.0345,0.0409999999999999,0.0437,0.9498,0.0042,0.9512,0.0409999999999999,0.9355,0.0139,0.0042,0.9512,0.0141,0.0208,0.0152,0.0042,0.0144,0.0199,0.0065
2011,50,meta,209319,0.9365,0.9359,0.6146,0.9235,0.7589,0.4079,1.0282,0.8290000000000001,1.1506,1.0618,0.7526,22.79,0.2442,0.0555,0.0512,0.0558,0.0615,0.038,0.9308,0.0007,0.9339,0.0615,0.939,0.0137,0.0007,0.9339,0.0185,0.023,0.0148,0.0007,0.0127,0.0226,0.009
2011,52,narino,401313,0.8053,0.805,0.483,0.8014,0.5367999999999999,0.2904,0.9396,0.7592,1.1543,0.8715,0.6227,20.76,0.1568,0.1017,0.1391,0.0967,0.1058,0.0901,0.8996999999999999,0.0008,0.912,0.1058,0.8945000000000001,0.0139999999999999,0.0008,0.912,0.0218,0.0255,0.0253,0.0008,0.0233999999999999,0.0352,0.0132
2011,54,norte de santander,324219,0.8904000000000001,0.8896,0.6890000000000001,0.9101,0.6638,0.3903,1.0248,0.8741,1.1744,0.981,0.823,22.36,0.1778,0.0687,0.0498,0.0515,0.0935,0.0843999999999999,0.9255,0.0006,0.9441,0.0935,0.9014,0.0065,0.0006,0.9441,0.0076,0.0163999999999999,0.0219,0.0006,0.017,0.0346,0.0156
2011,63,quindio,114075,0.9087,0.9083,0.6445000000000001,0.8553000000000001,0.8031999999999999,0.4729,1.0395,0.8226,1.0621,1.1489,0.8783,27.06,0.62,0.0504,0.0513,0.0452,0.0598,0.0409999999999999,0.9243,0.0003,0.9424,0.0598,0.9166,0.0253,0.0003,0.9424,0.0397,0.0423,0.0136,0.0003,0.011,0.0203,0.0086
2011,66,risaralda,192633,0.9561,0.9543,0.6738,0.9332,0.7637999999999999,0.4282999999999999,1.1241,0.8913,1.1888,1.1909999999999998,0.9527,22.87,0.4521,0.0479,0.0373,0.0377,0.0613999999999999,0.0538999999999999,0.9407,0.0015,0.9557,0.0613999999999999,0.9125,0.0113999999999999,0.0015,0.9557,0.0124,0.0335,0.0177,0.0015,0.0143,0.0260999999999999,0.0113
2011,68,santander,434034,0.9249,0.924,0.6970000000000001,0.9288,0.7728,0.481,1.0343,0.943,1.114,1.0632,0.8387,22.39,0.2522,0.0368,0.0338,0.0287,0.0475,0.038,0.9425,0.0034,0.9611,0.0475,0.9322,0.0207,0.0034,0.9611,0.0348,0.0298,0.0292,0.0034,0.023,0.0448,0.0159
2011,70,sucre,205779,1.0327,1.032,0.6867,1.0138,0.7615999999999999,0.4046,1.2304000000000002,1.3194,1.3949,1.1848999999999998,0.8826999999999999,24.81,0.5831000000000001,0.0674,0.0951,0.055,0.0725,0.0818,0.8631,0.0092,0.8786,0.0725,0.8492000000000001,0.071,0.0092,0.8786,0.0929,0.0708,0.0046,0.0092,0.0055,0.0044,0.0023
2011,73,tolima,325983,0.888,0.8870999999999999,0.586,0.8648,0.7166,0.4133,1.0345,0.8298000000000001,1.1327,1.0725,0.8159000000000001,22.09,0.2022,0.0461,0.0366,0.0434,0.0541,0.0395,0.9033,0.0023,0.9199,0.0541,0.9037,0.0506,0.0023,0.9199,0.0776999999999999,0.0567999999999999,0.0088,0.0023,0.0081999999999999,0.0121999999999999,0.0046999999999999
2011,76,valle del cauca,906602,0.8851,0.8833,0.5625,0.8683,0.7217,0.4206,1.015,0.9248,1.1137,1.0388,0.787,20.05,0.4150999999999999,0.0424,0.0418,0.0373,0.0501,0.0399,0.9069,0.0058,0.9295,0.0501,0.8964,0.0507,0.0058,0.9295,0.079,0.0637,0.023,0.0058,0.0209,0.0322,0.0109
2011,81,arauca,73431,0.7415,0.7411,0.4981,0.7109000000000001,0.5536,0.3148999999999999,0.8509,0.7573000000000001,0.9342,0.8588,0.6426000000000001,17.62,0.3032999999999999,0.0214,0.0197999999999999,0.0186,0.0246,0.0283,0.9772,0.0,0.9814,0.0246,0.9571,0.0013,0.0,0.9814,0.0,0.0146,0.0278,0.0,0.0229,0.0437,0.0204999999999999
2011,85,casanare,85803,1.0111,1.0105,0.7127,0.9947,0.8256,0.4264,1.1506999999999998,0.9458,1.2309,1.2623,0.8299,25.31,0.4,0.0388,0.032,0.034,0.046,0.0418,0.9212,0.0036,0.9396,0.046,0.9114,0.04,0.0036,0.9396,0.0644,0.0467999999999999,0.0356999999999999,0.0036,0.032,0.0538999999999999,0.0123
2011,86,putumayo,93828,0.8046,0.8046,0.4915,0.8217,0.5636,0.2724,0.9362,0.8242,1.1023,0.9071,0.6285000000000001,21.18,0.1553,0.0418,0.0324,0.0361,0.0562999999999999,0.0331,0.9561,0.0,0.9635,0.0562999999999999,0.945,0.0021,0.0,0.9635,0.0,0.0219,0.0337,0.0,0.0297,0.0491,0.019
2011,88,"archipielago de san andres, providencia y santa catalina",15852,0.6728000000000001,0.6723,0.57,0.6826000000000001,0.5908,0.3914999999999999,0.738,0.6234000000000001,0.7508,0.7879,0.6633,24.01,0.6563,0.0172,0.0084,0.0302999999999999,0.0059,0.0081999999999999,0.9673,0.0,0.9626,0.0059,0.9557,0.0155,0.0,0.9626,0.0219,0.0361,0.0363,0.0,0.0344,0.0562,0.0132
2011,91,amazonas,22223,0.8234,0.8231999999999999,0.6368,0.8723000000000001,0.5065,0.2191,0.9453,0.9449,1.1782,0.8245999999999999,0.5801,14.95,0.3636,0.0546,0.0556,0.0366999999999999,0.0821,0.079,0.9116,0.0017,0.9283,0.0821,0.8515,0.0338,0.0017,0.9283,0.0316,0.0695,0.0515,0.0017,0.0513999999999999,0.0639,0.0415
2011,94,guainia,11920,0.7487,0.7487,0.6185,0.7359,0.2888,0.0842,0.9552,1.1275,1.3974000000000002,0.6884,0.3614,20.37,0.0421,0.1094,0.1,0.1073,0.1162,0.1285,0.7392,0.1313,0.7337,0.1162,0.8086,0.155,0.1313,0.7337,0.1568999999999999,0.063,0.0077,0.1313,0.0069999999999999,0.0098,0.0021
2011,95,guaviare,31133,0.6404000000000001,0.6402,0.3215999999999999,0.6542,0.4515999999999999,0.2007999999999999,0.7829999999999999,0.5206000000000001,0.9299,0.7815000000000001,0.5368999999999999,26.79,0.1073,0.0902,0.0554,0.0891,0.1002,0.089,0.9115,0.0,0.9173,0.1002,0.8893000000000001,0.0018,0.0,0.9173,0.0,0.0217,0.0241,0.0,0.0208,0.035,0.0186
2011,97,vaupes,12690,0.6218,0.6218,0.1921999999999999,0.6541,0.2904,0.0973,0.7229000000000001,0.3203,1.0128,0.602,0.3992,13.39,0.0762999999999999,0.0993999999999999,0.0722,0.0872,0.121,0.1424,0.8116,0.0361,0.815,0.121,0.7872,0.0889,0.0361,0.815,0.081,0.0704,0.0615,0.0361,0.0776,0.0434,0.0206
2011,99,vichada,20360,0.7306999999999999,0.7298,0.3184,0.7447,0.3289,0.1553999999999999,0.8208,0.5078,1.2078,0.5948,0.3903,15.7,0.1667,0.0733,0.0882,0.0877,0.0429,0.0266999999999999,0.9177,0.0,0.9001,0.0429,0.9657,0.009,0.0,0.9001,0.0026,0.0076,0.0354,0.0,0.0306999999999999,0.0545,0.0344
2012,5,antioquia,1278686,0.9279,0.9265,0.732,0.9265,0.7484000000000001,0.435,1.058,0.9438,1.1603,1.0914,0.8090999999999999,27.96,0.6251,0.0401,0.0255,0.035,0.0519,0.0377,0.9204,0.002,0.9305,0.0519,0.9221,0.0395,0.002,0.9305,0.0555,0.0401999999999999,0.0192999999999999,0.002,0.0167,0.0295,0.011
2012,8,atlantico,523911,0.9159,0.9143,0.5303,0.8905,0.7673000000000001,0.4586,1.0039,0.8756,1.0984,1.0295,0.7763,22.46,0.5104,0.0332,0.0200999999999999,0.0359,0.0343,0.0277,0.9629,0.0016,0.9607,0.0343,0.969,0.0042,0.0016,0.9607,0.0056999999999999,0.0034999999999999,0.008,0.0016,0.0085,0.0093,0.0042
2012,11,"bogota, d.c.",1470171,0.8694,0.8652,0.6633,0.8397,0.8147,0.5178,0.9286,0.8217,0.9428,1.0109,0.7859,17.5,1.0,0.0389,,0.0342,0.0487999999999999,0.0445,0.9611,0.0,0.9658,0.0487999999999999,0.9555,0.0,0.0,0.9658,0.0,0.0,0.0516999999999999,0.0,0.0361,0.0831,0.0408
2012,13,bolivar,495108,0.8896999999999999,0.8887,0.6047,0.8767,0.6801999999999999,0.3807999999999999,1.0353,1.0656,1.1628,1.0031,0.7706999999999999,22.5,0.3344,0.0339,0.0337,0.0325,0.0356999999999999,0.035,0.9283,0.009,0.9356,0.0356999999999999,0.9214,0.0378,0.009,0.9356,0.0532,0.0436,0.024,0.009,0.0249,0.0288,0.0101
2012,15,boyaca,297132,0.857,0.8564,0.7048000000000001,0.8146,0.7461,0.4824,0.9996,0.9295,0.9526,1.1124,0.9174,24.77,0.2995,0.0323,0.0274,0.0237999999999999,0.0426,0.0347,0.9192,0.0021,0.9411,0.0426,0.9166,0.0486,0.0021,0.9411,0.0748,0.0487,0.02,0.0021,0.0144,0.0311,0.015
2012,17,caldas,198526,0.8454999999999999,0.845,0.6428,0.8103,0.72,0.4382999999999999,0.966,0.8488,1.0017,1.0316,0.8079000000000001,23.73,0.3075,0.0464,0.047,0.0398,0.0591,0.0356999999999999,0.8895000000000001,0.0046999999999999,0.9035,0.0591,0.9021,0.064,0.0046999999999999,0.9035,0.0877,0.0622,0.0432,0.0046999999999999,0.0426,0.0573,0.0237999999999999
2012,18,caqueta,124622,0.8328,0.8325,0.4934,0.8586,0.5623,0.2437,0.9826,0.8633,1.1804,0.9495,0.5865,27.41,0.1198,0.0723,0.0691,0.0692,0.0838,0.0521999999999999,0.916,0.0013,0.9224,0.0838,0.9291,0.0116,0.0013,0.9224,0.0192,0.0187,0.0116,0.0013,0.0109,0.016,0.0072
2012,19,cauca,325212,0.8348,0.8340000000000001,0.5359,0.8538,0.6053000000000001,0.2956,1.0215,0.9447,1.2129,0.9898,0.6713,18.85,0.4375,0.0401999999999999,0.0289,0.0304,0.0542,0.0553,0.9205,0.0034999999999999,0.9262,0.0542,0.9103,0.0393,0.0034999999999999,0.9262,0.0434,0.0344,0.0115,0.0034999999999999,0.0106,0.0161,0.008
2012,20,cesar,263271,0.9415,0.9401,0.6594,0.9385,0.6936,0.3461999999999999,1.09,1.2649,1.2651,1.0122,0.711,26.28,0.259,0.0513,0.0622,0.0528,0.0508,0.0324,0.9008,0.0212,0.908,0.0508,0.9111,0.048,0.0212,0.908,0.0681,0.0565,0.0149,0.0212,0.0137,0.02,0.0089
2012,23,cordoba,405302,0.9378,0.9369,0.6506000000000001,0.9154,0.7182,0.3752,1.1073,1.1496,1.2151,1.1146,0.7937000000000001,22.35,0.3049,0.0295,0.0314,0.0248,0.0351,0.0331,0.9533,0.0048,0.9617,0.0351,0.9423,0.0172,0.0048,0.9617,0.0243,0.0246,0.0256,0.0048,0.0259,0.0301,0.0152
2012,25,cundinamarca,571082,0.9117,0.9097,0.6361,0.8782,0.8153,0.4727,1.0188,0.8731,1.0389,1.1254,0.8312,16.78,0.3990999999999999,0.0294,0.0324,0.0217,0.0382,0.0285,0.9584,0.0006,0.9725,0.0382,0.9517,0.0121999999999999,0.0006,0.9725,0.0197,0.0197,0.0202,0.0006,0.0153,0.032,0.0128
2012,27,choco,145607,0.8097,0.8095,0.6217,0.8323999999999999,0.419,0.191,0.9964,0.9546,1.3024,0.8184999999999999,0.5582,14.92,0.1898,0.0209,0.0132,0.0174,0.0298,0.0298,0.9188,0.0144999999999999,0.9232,0.0298,0.9276,0.0603,0.0144999999999999,0.9232,0.0849,0.0426,0.001,0.0144999999999999,0.0006,0.0021,0.0011
2012,41,huila,273653,0.8976999999999999,0.8973,0.6715000000000001,0.9267,0.738,0.3797999999999999,1.0019,0.9094,1.1182,1.0366,0.6978,26.44,0.4454,0.0523,0.0458999999999999,0.0397,0.0731,0.0493,0.9001,0.002,0.9208,0.0731,0.8923000000000001,0.0475999999999999,0.002,0.9208,0.0672,0.0583,0.0181,0.002,0.0172,0.0252,0.0109
2012,44,la guajira,239298,0.7542,0.7533,0.4622,0.7247,0.4185999999999999,0.2067,0.8993000000000001,1.006,1.1857,0.6713,0.4718,22.53,0.3566,0.0681,0.0481,0.062,0.0883,0.0842,0.9233,0.0033,0.9292,0.0883,0.91,0.0086,0.0033,0.9292,0.0116999999999999,0.0058,0.0344,0.0033,0.04,0.0297,0.0104
2012,47,magdalena,334586,0.9182,0.9164,0.6557999999999999,0.8726,0.6496,0.3407,1.0868,1.3273,1.2698,0.9748,0.7094,22.4,0.303,0.0622,0.2084,0.0491,0.0385,0.0324,0.9197,0.0081,0.9321,0.0385,0.9513,0.0181,0.0081,0.9321,0.0212,0.0163,0.0159,0.0081,0.0149,0.0203,0.0062
2012,50,meta,210820,0.9335,0.9329,0.6714,0.9231,0.7591,0.4064,1.03,0.9887,1.1439,1.0458,0.7252,26.14,0.1076999999999999,0.0584999999999999,0.0574,0.0506,0.073,0.0507,0.9168,0.0025,0.9344,0.073,0.916,0.0247,0.0025,0.9344,0.0421,0.0332,0.018,0.0025,0.015,0.0279999999999999,0.0109
2012,52,narino,401539,0.7775,0.7773,0.4918,0.7776000000000001,0.5364,0.2859,0.9296,0.7717,1.1483,0.8662000000000001,0.5896,21.4,0.2269,0.0184,0.0132,0.0154,0.0237,0.0229,0.9702,0.0005,0.9756,0.0237,0.9649,0.0113999999999999,0.0005,0.9756,0.018,0.0121999999999999,0.0189,0.0005,0.0169,0.0271,0.0116999999999999
2012,54,norte de santander,322304,0.86,0.8593000000000001,0.7179000000000001,0.9029,0.643,0.3586999999999999,0.9669,1.0484,1.1276000000000002,0.915,0.6585,26.52,0.1278,0.0489,0.0433,0.0449,0.0593,0.0406,0.9358,0.0031,0.9452,0.0593,0.9373,0.0152,0.0031,0.9452,0.0245,0.0220999999999999,0.02,0.0031,0.0151,0.0315,0.0155
2012,63,quindio,112175,0.8876999999999999,0.8874,0.5776,0.8348,0.7917000000000001,0.4659,1.0248,0.8514,1.0269,1.1575,0.8476,27.72,0.2029,0.0623,0.066,0.0533,0.0771,0.0487,0.8979,0.0019,0.9203,0.0771,0.9092,0.0399,0.0019,0.9203,0.063,0.0421,0.0123,0.0019,0.0089,0.0196,0.0068
2012,66,risaralda,189484,0.9291,0.9277,0.6603,0.9119,0.7509,0.4297999999999999,1.091,1.0105,1.1524,1.1483,0.877,21.73,0.4696,0.0704,0.0605999999999999,0.0574,0.0921,0.0646,0.8791,0.0088,0.9082,0.0921,0.883,0.0506,0.0088,0.9082,0.0817,0.0525,0.0113,0.0088,0.0093999999999999,0.0166,0.0065
2012,68,santander,425904,0.9221,0.9211,0.7017,0.9289,0.7781999999999999,0.4684,1.0399,1.13,1.1122,1.0522,0.8140999999999999,24.89,0.2218,0.0467,0.0546,0.0379,0.0588999999999999,0.0384,0.9265,0.0032,0.9458,0.0588999999999999,0.9293,0.0268,0.0032,0.9458,0.0444,0.0323,0.0253,0.0032,0.0175,0.0418,0.0158
2012,70,sucre,203626,0.956,0.9555,0.6751,0.951,0.7372,0.3811,1.1262,1.3162,1.2816,1.058,0.7965000000000001,23.33,0.264,0.0483,0.0515,0.0476999999999999,0.05,0.0431,0.8568000000000001,0.008,0.8601000000000001,0.05,0.8679000000000001,0.0949,0.008,0.8601000000000001,0.1281,0.089,0.0065,0.008,0.0065,0.0075,0.0054
2012,73,tolima,321653,0.8747,0.8742,0.6162,0.8571,0.7182,0.3977,0.9711,0.9343,1.084,0.973,0.7092,24.81,0.4236999999999999,0.0511,0.0492,0.0438999999999999,0.0642,0.0431,0.8737999999999999,0.0034999999999999,0.8953,0.0642,0.8929,0.0751,0.0034999999999999,0.8953,0.1153999999999999,0.064,0.0066,0.0034999999999999,0.0069,0.008,0.0037
2012,76,valle del cauca,894698,0.8826,0.8809,0.6032,0.8615999999999999,0.7121,0.4061999999999999,1.0186,1.0398,1.1169,1.0327,0.7619,22.35,0.4032,0.0432,0.0479,0.0374,0.0521,0.0369,0.9239,0.002,0.9391,0.0521,0.9298,0.0329,0.002,0.9391,0.0528,0.0333,0.0163999999999999,0.002,0.0139,0.024,0.0101
2012,81,arauca,74454,0.7232999999999999,0.7229000000000001,0.5147999999999999,0.7061,0.5447,0.2981,0.8367,0.8740000000000001,0.9229,0.8066,0.6194,16.46,0.1732999999999999,0.0499,0.0463,0.0472,0.0572,0.0455999999999999,0.9499,0.0,0.9528,0.0572,0.9521,0.0003,0.0,0.9528,0.0001,0.0023,0.0383,0.0,0.0306,0.059,0.0308999999999999
2012,85,casanare,85999,1.0394,1.0388,0.7845,1.02,0.8540000000000001,0.4403,1.1702,1.11,1.2485,1.234,0.879,24.17,0.187,0.0652,0.0557,0.0544,0.0839,0.0608,0.8767,0.0008,0.9035,0.0839,0.8887999999999999,0.0581,0.0008,0.9035,0.0964,0.0503,0.0192,0.0008,0.015,0.031,0.0129
2012,86,putumayo,93570,0.7817000000000001,0.7817000000000001,0.4882,0.7895,0.5746,0.2728,0.9312,0.933,1.0413,0.9193,0.6764,23.77,0.1574,0.0616,0.0605,0.0562999999999999,0.0744,0.0487999999999999,0.8959999999999999,0.0028,0.9134,0.0744,0.9023,0.0424,0.0028,0.9134,0.0719,0.0489,0.0103,0.0028,0.01,0.0133,0.0073
2012,88,"archipielago de san andres, providencia y santa catalina",15648,0.687,0.6865000000000001,0.5987,0.6969,0.6091,0.3982,0.7620999999999999,0.8040999999999999,0.7685,0.7920999999999999,0.6690999999999999,25.28,0.0,0.0126,0.0121,0.0112,0.0152,0.0112,0.9816,0.0,0.9837,0.0152,0.9816,0.0058,0.0,0.9837,0.0076,0.0072,0.039,0.0,0.0231,0.0703,0.0274
2012,91,amazonas,22194,0.8187000000000001,0.8187000000000001,0.6022,0.8562000000000001,0.5333,0.2231,0.9476,1.0881999999999998,1.1345999999999998,0.8495,0.5828,19.34,0.2091,0.047,0.0516,0.023,0.0797,0.0806,0.9374,0.0,0.9578,0.0797,0.8996,0.0156,0.0,0.9578,0.0135,0.0197999999999999,0.063,0.0,0.0683,0.0725,0.0317
2012,94,guainia,11920,0.7081999999999999,0.7081999999999999,0.4769,0.725,0.2838,0.0824,0.8590000000000001,0.9797,1.2318,0.6645,0.3319,18.6,0.1895,0.0891,0.0943,0.0818,0.1063,0.0793,0.7818,0.0828999999999999,0.7974,0.1063,0.774,0.1291,0.0828999999999999,0.7974,0.1674,0.1466,0.0175,0.0828999999999999,0.0177,0.0146,0.0143
2012,95,guaviare,31272,0.5920000000000001,0.5918,0.3754,0.5824,0.4364,0.1962,0.713,0.6181,0.805,0.7154,0.5099,18.66,0.1142,0.0486,0.0411,0.0537,0.0446,0.0389,0.9489,0.0012,0.9446,0.0446,0.9528,0.0026,0.0012,0.9446,0.0028,0.0084,0.015,0.0012,0.0113,0.024,0.0073
2012,97,vaupes,12681,0.6232,0.6232,0.2529,0.6335000000000001,0.3181,0.0935999999999999,0.7318000000000001,0.4372,1.0051,0.6175999999999999,0.3778,13.21,0.2061,0.0762,0.0909,0.0662,0.089,0.1082,0.7986,0.0227,0.7986,0.089,0.7663,0.1252,0.0227,0.7986,0.123,0.1253999999999999,0.0511,0.0227,0.0595,0.048,0.0131
2012,99,vichada,20686,0.6675,0.6675,0.3802,0.6696,0.3337,0.1501,0.7511,0.7078,1.0397,0.5697,0.3588,15.67,0.1785999999999999,0.0507,0.0759,0.0441,0.0611,0.0414,0.8824,0.04,0.8645,0.0611,0.9394,0.0669,0.04,0.8645,0.0281,0.0192,0.0131,0.04,0.0133,0.0167,0.0104
2013,5,antioquia,1272458,0.9206,0.9193,0.6761,0.9153,0.7565999999999999,0.4271,1.0569,0.8976999999999999,1.1471,1.1013,0.8342,52.72,0.6847,0.0356999999999999,0.0292,0.0294,0.048,0.0306999999999999,0.9159,0.0012,0.9302,0.048,0.9176,0.0484,0.0012,0.9302,0.0696,0.0516999999999999,0.0157,0.0012,0.0141,0.0227,0.0112
2013,8,atlantico,522832,0.8641,0.8622,0.5367000000000001,0.8323,0.741,0.4393999999999999,0.9558,0.9045,1.0534,0.9636,0.7204999999999999,29.46,0.8493999999999999,0.0312,0.0158,0.0355,0.0317,0.0233,0.9577,0.0056,0.9544,0.0317,0.9672,0.0111,0.0056,0.9544,0.0143,0.0095,0.0166,0.0056,0.0171,0.0189,0.0079
2013,11,"bogota, d.c.",1466854,0.845,0.8406999999999999,0.6124,0.7931999999999999,0.7972,0.5267000000000001,0.9142,0.7894,0.8984000000000001,0.9941,0.8553000000000001,28.08,0.9986,0.0368,0.0059,0.031,0.0482,0.0374,0.9632,0.0001,0.969,0.0482,0.9626,0.0,0.0001,0.969,0.0,0.0,0.0689,0.0001,0.0487999999999999,0.1077999999999999,0.0554
2013,13,bolivar,492500,0.8966,0.8955,0.5986,0.875,0.7040000000000001,0.3827,1.0372,1.1014,1.1502,1.0156999999999998,0.7686,34.98,0.5259,0.0256,0.0256999999999999,0.0258,0.0266,0.022,0.9423,0.0042,0.9491,0.0266,0.9372,0.032,0.0042,0.9491,0.0476999999999999,0.0408,0.0191,0.0042,0.0212,0.0219,0.0083
2013,15,boyaca,292312,0.851,0.8504999999999999,0.6611,0.8156,0.7509,0.4843,0.963,0.8449,0.943,1.0256,0.9408,39.97,0.2357,0.0245,0.023,0.0178,0.0325,0.025,0.9341,0.0027,0.9535,0.0325,0.9377,0.0414,0.0027,0.9535,0.0653,0.0374,0.0169,0.0027,0.0128,0.0255,0.0137
2013,17,caldas,196982,0.8258,0.8254,0.5605,0.782,0.7078,0.446,0.9492,0.7579,0.9879,1.0075,0.8320000000000001,40.09,0.3449,0.0409999999999999,0.0426,0.0336,0.0538,0.0321,0.8864,0.0036,0.903,0.0538,0.904,0.0725,0.0036,0.903,0.102,0.0639,0.0187,0.0036,0.0157,0.0275,0.0141999999999999
2013,18,caqueta,124458,0.8095,0.8094,0.4928,0.8193,0.5648,0.2387,0.9555,0.8972,1.1483,0.9045,0.5816,46.7,0.0848,0.0655,0.0608,0.0669,0.0695,0.0434,0.9248,0.0026,0.9255,0.0695,0.9448,0.0096,0.0026,0.9255,0.0148,0.0118,0.0132,0.0026,0.0113,0.0206,0.0089
2013,19,cauca,320510,0.8434,0.8432999999999999,0.4760999999999999,0.8542000000000001,0.6311,0.319,1.0467,0.86,1.2239,1.0161,0.7768,30.35,0.2464,0.0374,0.0200999999999999,0.034,0.0475,0.036,0.9169,0.0096,0.9186,0.0475,0.9282,0.0457,0.0096,0.9186,0.0547,0.0359,0.0128,0.0096,0.012,0.0167,0.0123
2013,20,cesar,262240,0.9492,0.948,0.5866,0.9336,0.7145999999999999,0.3602,1.0998,1.1837,1.2467,1.062,0.7574,44.23,0.2239999999999999,0.0453,0.0602,0.0432,0.0476999999999999,0.033,0.8987,0.0242,0.9067,0.0476999999999999,0.9116,0.0559999999999999,0.0242,0.9067,0.075,0.0554,0.0107,0.0242,0.0098999999999999,0.0127,0.0068
2013,23,cordoba,407589,0.9339,0.9335,0.5706,0.9217,0.7347,0.3638,1.1067,1.103,1.2275,1.109,0.7940999999999999,32.42,0.1828,0.023,0.0218,0.0196,0.0279,0.0243999999999999,0.9613,0.0075,0.9679,0.0279,0.9572,0.0157,0.0075,0.9679,0.0223,0.0184,0.0269,0.0075,0.0285,0.0286,0.0173
2013,25,cundinamarca,572012,0.9049,0.9028,0.61,0.8547,0.8208,0.4797999999999999,1.0066,0.8869,1.0181,1.1073,0.8373,23.42,0.3051,0.0317,0.0353,0.0260999999999999,0.0393,0.0269,0.957,0.0003,0.9684,0.0393,0.959,0.0112,0.0003,0.9684,0.0192999999999999,0.0141,0.019,0.0003,0.0139,0.0295,0.0152
2013,27,choco,145133,0.7959,0.7959,0.5547,0.8273,0.4428,0.1843,0.9673,0.9565,1.225,0.8231,0.5624,17.38,0.0796,0.0458999999999999,0.0279,0.0429,0.0619,0.0371,0.8885,0.0014,0.8862000000000001,0.0619,0.9192,0.0655999999999999,0.0014,0.8862000000000001,0.0837,0.0438,0.0015,0.0014,0.0016,0.0011,0.0006
2013,41,huila,272091,0.8973,0.8968,0.6476999999999999,0.9086,0.7526999999999999,0.3907,1.0165,0.8851,1.1353,1.0467,0.7309,39.56,0.1173,0.0478,0.042,0.0327,0.07,0.0499,0.9218,0.0007,0.9434,0.07,0.9105,0.0304,0.0007,0.9434,0.0438999999999999,0.0397,0.0103,0.0007,0.0077,0.0165,0.0081
2013,44,la guajira,244513,0.748,0.7473000000000001,0.4536,0.7175,0.4338,0.1994999999999999,0.8785,1.0036,1.1438,0.6789000000000001,0.4391,47.37,0.1404,0.0527,0.0408,0.0569,0.0530999999999999,0.0348,0.9412,0.0026,0.9377,0.0530999999999999,0.9583,0.0060999999999999,0.0026,0.9377,0.009,0.0068,0.0235,0.0026,0.0247,0.0260999999999999,0.0111
2013,47,magdalena,332266,0.9603,0.9583,0.6385000000000001,0.8983,0.6881999999999999,0.3497,1.1711,1.4497,1.4175,1.0058,0.7195999999999999,36.44,0.3069,0.0319,0.0203,0.0313,0.0387,0.0268,0.9532,0.0072,0.9541,0.0387,0.96,0.0149,0.0072,0.9541,0.0186,0.0132,0.0132,0.0072,0.0128,0.0156,0.0076
2013,50,meta,213170,0.9483,0.9476,0.6252,0.9448,0.7698,0.4324,1.0643,0.959,1.1902,1.0596,0.8031999999999999,42.67,0.1932,0.0449,0.0466,0.0383,0.0569,0.0372,0.9387,0.0017,0.9515,0.0569,0.9406,0.0163,0.0017,0.9515,0.0272,0.0222,0.0115,0.0017,0.0093,0.0186,0.0066
2013,52,narino,399032,0.7659999999999999,0.7658,0.4593,0.7534000000000001,0.5614,0.2899,0.9362,0.7761,1.1169,0.9065,0.6236,32.94,0.3082999999999999,0.0289999999999999,0.0088,0.0306999999999999,0.0339,0.0207,0.9583,0.0002,0.9634,0.0339,0.9558,0.0126,0.0002,0.9634,0.0231,0.0235,0.0185,0.0002,0.0184,0.0233999999999999,0.0134
2013,54,norte de santander,317334,0.8642,0.8637,0.6114,0.8874,0.6627,0.3786,1.0076,1.0128,1.1719,0.9631,0.7064,43.68,0.0868999999999999,0.0366,0.0375999999999999,0.0311,0.0467999999999999,0.0302,0.9529,0.0014,0.9615,0.0467999999999999,0.9547,0.0105,0.0014,0.9615,0.0163,0.015,0.0172,0.0014,0.013,0.0266999999999999,0.0156
2013,63,quindio,111539,0.8589,0.8587,0.5139,0.7829999999999999,0.7846,0.4706,1.0048,0.7884,1.0046,1.1271,0.872,49.12,0.6470999999999999,0.053,0.0617,0.043,0.0675,0.0407,0.897,0.0006,0.9231,0.0675,0.9075,0.0499,0.0006,0.9231,0.0771,0.0519,0.0121,0.0006,0.0104,0.0181,0.0065
2013,66,risaralda,187946,0.8996999999999999,0.8981,0.5808,0.8586,0.7528,0.4249,1.064,0.9238,1.1267,1.1331,0.8508,30.08,0.2754,0.0516999999999999,0.0542999999999999,0.0369,0.0745,0.0397,0.8976999999999999,0.0091,0.9303,0.0745,0.9039,0.0506,0.0091,0.9303,0.0812,0.0564,0.0093999999999999,0.0091,0.0086,0.0129,0.0063
2013,68,santander,419596,0.934,0.9328,0.6045,0.9292,0.8027,0.4809,1.0644,1.0386,1.1456,1.0906,0.8409,38.86,0.1565,0.036,0.047,0.0269,0.0472,0.0308999999999999,0.9298,0.0046999999999999,0.953,0.0472,0.925,0.0341,0.0046999999999999,0.953,0.0558,0.0441,0.0204,0.0046999999999999,0.0148,0.0329,0.0135
2013,70,sucre,202453,0.9668,0.9664,0.6766,0.957,0.7542,0.3963,1.1732,1.3311000000000002,1.3744999999999998,1.0685,0.8158,34.84,0.3049,0.0383,0.0408,0.0331,0.0466,0.0341,0.8668,0.0081999999999999,0.8751000000000001,0.0466,0.8768,0.0949,0.0081999999999999,0.8751000000000001,0.129,0.0891,0.0069999999999999,0.0081999999999999,0.0072,0.0069,0.0064
2013,73,tolima,317546,0.8702,0.8695,0.5582,0.8399,0.7308,0.4052,1.002,0.9067,1.0419,1.0857,0.7824,37.0,0.2039,0.0401,0.0457,0.035,0.049,0.0304,0.8865000000000001,0.003,0.9039,0.049,0.9054,0.0733999999999999,0.003,0.9039,0.1096,0.0641,0.005,0.003,0.005,0.0060999999999999,0.0039
2013,76,valle del cauca,887988,0.8756,0.8737,0.5892000000000001,0.8498,0.7127,0.4061,1.0144,0.9438,1.1017,1.0454,0.7881999999999999,29.67,0.5639,0.0304,0.0272,0.0256999999999999,0.038,0.0288,0.9357,0.0025,0.9483,0.038,0.936,0.0339,0.0025,0.9483,0.0513,0.0352,0.013,0.0025,0.0109,0.019,0.0086
2013,81,arauca,74658,0.7071,0.7070000000000001,0.4307999999999999,0.6981,0.5413,0.2778,0.8162999999999999,0.8138,0.9313,0.7811,0.5613,27.69,0.1663,0.0417,0.0213,0.0426,0.0509,0.0263,0.9583,0.0,0.9574,0.0509,0.9728,0.0001,0.0,0.9574,0.0,0.0009,0.0242,0.0,0.0196,0.0363,0.0204
2013,85,casanare,86460,1.0373,1.0369,0.7454999999999999,1.0207,0.8484999999999999,0.4546,1.1781,1.0985,1.278,1.2014,0.921,31.93,0.3344,0.0366999999999999,0.0441999999999999,0.0314,0.045,0.0293,0.9086,0.0040999999999999,0.923,0.045,0.9238,0.0547,0.0040999999999999,0.923,0.0822,0.047,0.0134,0.0040999999999999,0.0121,0.0203,0.0054
2013,86,putumayo,92887,0.7696,0.7696,0.3682,0.7676999999999999,0.6032,0.2769,0.8983,0.8015000000000001,0.9983,0.9202,0.6513,55.79,0.0751,0.0567999999999999,0.0625,0.045,0.0744,0.0541,0.8853,0.0032,0.9113,0.0744,0.8773000000000001,0.0579,0.0032,0.9113,0.0898,0.0686,0.0098,0.0032,0.0092,0.0134,0.0056
2013,88,"archipielago de san andres, providencia y santa catalina",15536,0.6793,0.6789000000000001,0.4861,0.665,0.6241,0.3906,0.7443000000000001,0.6722,0.7495999999999999,0.8192,0.6198,38.24,0.8,0.0091,0.0093,0.01,0.0097,0.0042,0.9908,0.0,0.99,0.0097,0.9949,0.0001,0.0,0.99,0.0,0.0008,0.0473,0.0,0.0331,0.0698,0.0363
2013,91,amazonas,22123,0.8184,0.8183,0.4838,0.8395999999999999,0.5821999999999999,0.2208999999999999,0.9541,0.9686,1.1183,0.9123,0.5961,27.6,0.1284,0.0329,0.0316,0.0182,0.0526,0.0557,0.9578,0.0,0.9705,0.0526,0.9231,0.0093,0.0,0.9705,0.0056,0.0212,0.0432,0.0,0.0441,0.0516,0.0258
2013,94,guainia,11918,0.7256999999999999,0.7256,0.5089,0.6901999999999999,0.3032,0.0911999999999999,1.1403,1.0876,1.5084,1.0187,0.5276,59.64,0.2307999999999999,0.0493,0.0356,0.0383,0.0791999999999999,0.0621,0.7970999999999999,0.102,0.8070999999999999,0.0791999999999999,0.833,0.1536,0.102,0.8070999999999999,0.1856,0.1049,0.0359,0.102,0.0372,0.0306,0.0155
2013,95,guaviare,31276,0.5733,0.5732,0.2948,0.5521,0.4404,0.2089,0.7031000000000001,0.584,0.7805,0.7334999999999999,0.4964,45.17,0.2143,0.0401999999999999,0.0363,0.0431,0.0414,0.0239,0.9597,0.0,0.9569,0.0414,0.9756,0.0001,0.0,0.9569,0.0,0.0006,0.0116,0.0,0.008,0.0184,0.0179
2013,97,vaupes,12659,0.6225,0.6225,0.2169,0.6388,0.332,0.0894,0.7445,0.4656,1.0004,0.6420999999999999,0.4106,14.37,0.1932999999999999,0.0852999999999999,0.1155,0.0725,0.1119,0.0675,0.813,0.0152,0.8044,0.1119,0.8561,0.1017,0.0152,0.8044,0.0785,0.0764,0.0285,0.0152,0.0296,0.0301,0.032
2013,99,vichada,20977,0.7461,0.746,0.3504,0.7482,0.3674,0.1401,0.8456999999999999,0.8576999999999999,1.1902,0.6213000000000001,0.3525999999999999,20.97,0.3533,0.0917,0.074,0.0983,0.0875,0.0670999999999999,0.8784000000000001,0.0026,0.875,0.0875,0.8889,0.0299,0.0026,0.875,0.0446,0.044,0.0125,0.0026,0.0091,0.0236,0.017
2014,5,antioquia,1266533,0.9097,0.9085,0.6415000000000001,0.9068,0.7513,0.4179,1.039,0.8441,1.1192,1.098,0.8273,31.17,0.6272,0.0233,0.0206,0.0191,0.0308999999999999,0.0200999999999999,0.9508,0.0007,0.9635,0.0308999999999999,0.949,0.0259,0.0007,0.9635,0.042,0.0308999999999999,0.0209,0.0007,0.0161,0.0335,0.0184
2014,8,atlantico,521917,0.8581,0.8558,0.5218,0.8109999999999999,0.7483,0.4417,0.9365,0.8287,1.0161,0.9624,0.7386,23.57,0.8087000000000001,0.0329,0.0128,0.0338,0.0366,0.0304,0.9637,0.0001,0.9621,0.0366,0.9672,0.0034,0.0001,0.9621,0.0034999999999999,0.0024,0.0182,0.0001,0.017,0.0239,0.01
2014,11,"bogota, d.c.",1460379,0.8079000000000001,0.8038,0.5776,0.7676999999999999,0.7523000000000001,0.4997,0.8665999999999999,0.7409,0.8668,0.9386,0.7868,17.07,0.9944,0.025,0.027,0.0200999999999999,0.0301,0.0248,0.9736,0.0,0.9793,0.0301,0.9735,0.0014,0.0,0.9793,0.0025,0.0017,0.0868999999999999,0.0,0.0547,0.1406,0.0814
2014,13,bolivar,490573,0.875,0.8741,0.5842,0.8529000000000001,0.7109000000000001,0.3768999999999999,0.9871,1.033,1.091,0.9815,0.7187,21.18,0.4216,0.0353,0.0192,0.0347,0.0419,0.0306,0.941,0.0008,0.9488,0.0419,0.9393,0.0237,0.0008,0.9488,0.0385999999999999,0.0301,0.0196,0.0008,0.0196,0.025,0.012
2014,15,boyaca,288366,0.8393999999999999,0.8389,0.6309,0.8059000000000001,0.7490000000000001,0.4836,0.9474,0.8273999999999999,0.9261,1.0247,0.8985,25.43,0.2105,0.0189,0.0167,0.0132,0.0255,0.0197,0.938,0.0022,0.9583,0.0255,0.9339,0.0431,0.0022,0.9583,0.066,0.0465,0.0224,0.0022,0.0168,0.0348,0.0186
2014,17,caldas,195455,0.8096,0.8093,0.5411,0.7653,0.706,0.4368,0.9236,0.7132999999999999,0.9442,0.9947,0.8340000000000001,26.18,0.2842,0.0265,0.0301,0.0203,0.0345,0.0248,0.9474,0.0025,0.9586,0.0345,0.948,0.026,0.0025,0.9586,0.0364,0.0272,0.0173,0.0025,0.0135,0.0254,0.0179
2014,18,caqueta,124473,0.7936,0.7933,0.4622,0.7956,0.5715,0.2336,0.9171,0.8081999999999999,1.0891,0.8844,0.5922,28.64,0.1089,0.0423,0.0434,0.0385,0.0484,0.0426999999999999,0.9567,0.0,0.961,0.0484,0.9495,0.001,0.0,0.961,0.0005,0.0078,0.0118,0.0,0.0098,0.0191,0.0091
2014,19,cauca,316362,0.846,0.8458,0.4553999999999999,0.86,0.6465000000000001,0.3139,1.0548,0.8306999999999999,1.1729,1.0927,0.8085,21.34,0.4274,0.0454,0.0167,0.038,0.0625,0.0491,0.9533,0.0,0.9617,0.0625,0.9412,0.0012,0.0,0.9617,0.0001,0.0097,0.012,0.0,0.0105,0.0178,0.0101
2014,20,cesar,261493,0.9629,0.9614,0.5954999999999999,0.9379,0.746,0.3699,1.1111,1.1426,1.2766,1.0698,0.7561,28.52,0.3059,0.0495,0.0586,0.0441,0.057,0.0425,0.9287,0.0069,0.9393,0.057,0.9326,0.0219,0.0069,0.9393,0.033,0.025,0.012,0.0069,0.011,0.0169,0.0068
2014,23,cordoba,408623,0.9323,0.9319,0.5482,0.9081,0.7498,0.3692,1.1059,1.0261,1.183,1.1569,0.8448,22.34,0.4522,0.0210999999999999,0.017,0.0172,0.0264,0.0262,0.975,0.0006,0.9807,0.0264,0.9658,0.0039,0.0006,0.9807,0.0062,0.008,0.0200999999999999,0.0006,0.0207,0.0247,0.0147
2014,25,cundinamarca,573948,0.8998999999999999,0.8979,0.5896,0.8504999999999999,0.8131,0.4847999999999999,0.9975,0.8853,1.0084,1.0905,0.8406,19.65,0.2158,0.026,0.0243999999999999,0.0194,0.0343,0.0256,0.9672,0.0001,0.978,0.0343,0.9619,0.0069,0.0001,0.978,0.0115,0.0125,0.0173,0.0001,0.0123,0.0273,0.0143
2014,27,choco,145299,0.8115000000000001,0.8114,0.5373,0.8375,0.4784,0.1837,1.0066,0.8983,1.2501,0.8843000000000001,0.6486,18.8,0.1884,0.0353,0.0296,0.0325,0.0454,0.0274,0.9058,0.0021,0.9085,0.0454,0.9324,0.0588999999999999,0.0021,0.9085,0.0827,0.0401999999999999,0.0044,0.0021,0.0052,0.0039,0.0011
2014,41,huila,270459,0.8835,0.8829,0.5917,0.8898999999999999,0.7554000000000001,0.3936,0.9941,0.8186,1.0726,1.0587,0.7589,26.94,0.2448,0.0333,0.0223,0.0235,0.0487,0.0361,0.9653,0.0,0.9763,0.0487,0.9564,0.0014,0.0,0.9763,0.0016,0.0074,0.0108,0.0,0.0086,0.016,0.011
2014,44,la guajira,251458,0.7491,0.7487,0.4725999999999999,0.7168000000000001,0.4478,0.2009,0.8884000000000001,0.9732,1.1569,0.7034999999999999,0.4385,22.55,0.3752,0.0448,0.0226,0.0426999999999999,0.0603,0.0405,0.9514,0.0011,0.9552,0.0603,0.9526,0.0038,0.0011,0.9552,0.008,0.0069,0.013,0.0011,0.0128,0.0182,0.0106
2014,47,magdalena,331389,0.9035,0.901,0.5938,0.8379000000000001,0.6794,0.3395,1.084,1.284,1.2667,0.9926,0.695,19.59,0.23,0.0296,0.0181,0.0297,0.0334,0.0287,0.9605,0.004,0.9623,0.0334,0.9607,0.0098999999999999,0.004,0.9623,0.0144,0.0106,0.0093,0.004,0.0086,0.0116999999999999,0.0049
2014,50,meta,215227,0.9477,0.9472,0.5988,0.9329,0.7864,0.4239,1.064,0.9026,1.1891,1.0851,0.7798,28.07,0.2128,0.0302,0.0331,0.0272,0.036,0.0237,0.9507,0.0013,0.9607,0.036,0.957,0.019,0.0013,0.9607,0.0329,0.0194,0.0141,0.0013,0.0106,0.0243999999999999,0.0077
2014,52,narino,397640,0.7523000000000001,0.7522,0.4097,0.7384999999999999,0.5667,0.3002,0.8987,0.7181000000000001,1.0211,0.8778,0.7265999999999999,22.2,0.364,0.0291,0.0052,0.026,0.04,0.0258,0.9698,0.0,0.9736,0.04,0.9703,0.0011,0.0,0.9736,0.0017,0.004,0.016,0.0,0.0136,0.0237999999999999,0.0137
2014,54,norte de santander,313966,0.872,0.8715,0.5787,0.8964,0.684,0.3699,0.9877,0.9562,1.1308,0.9613,0.7208,28.03,0.1546,0.033,0.0361,0.0337,0.034,0.0246,0.9607,0.0009,0.9628,0.034,0.9648,0.0062,0.0009,0.9628,0.0102,0.0106,0.0163999999999999,0.0009,0.0121,0.0271,0.0139999999999999
2014,63,quindio,110359,0.8393,0.8390000000000001,0.4426,0.7696999999999999,0.7846,0.4457,0.9759,0.7111,0.9529,1.1265,0.8652,29.57,0.3226,0.0368,0.0398,0.0291,0.0469,0.0311,0.9302,0.0011,0.9515,0.0469,0.9346,0.0329,0.0011,0.9515,0.0530999999999999,0.0343,0.0141,0.0011,0.0108,0.0218,0.0105
2014,66,risaralda,185754,0.8818,0.8802,0.5156000000000001,0.8411,0.7646999999999999,0.4111,1.0353,0.8214,1.0663,1.1418,0.8575,26.09,0.5663,0.0366999999999999,0.04,0.0304,0.0465,0.0296,0.9308,0.0052,0.9454,0.0465,0.9352,0.0325,0.0052,0.9454,0.0475,0.0352,0.0166,0.0052,0.0132,0.0262,0.012
2014,68,santander,413227,0.9363,0.9352,0.5710000000000001,0.9333,0.8172,0.47,1.0595,0.9589,1.1425,1.1033,0.831,26.12,0.2153999999999999,0.0282,0.0242,0.0243,0.0346,0.0265,0.9545,0.0049,0.9659,0.0346,0.9508,0.0173,0.0049,0.9659,0.0279999999999999,0.0227,0.0176,0.0049,0.0136,0.0279999999999999,0.0136
2014,70,sucre,201098,0.9688,0.9682,0.6899,0.9599,0.7559,0.3986,1.1329,1.3126,1.2425,1.1021,0.8381000000000001,23.85,0.5908,0.0583,0.0216,0.0587,0.0725,0.049,0.8508,0.0063,0.8556999999999999,0.0725,0.8661,0.0908,0.0063,0.8556999999999999,0.1268999999999999,0.0849,0.012,0.0063,0.0118,0.0158,0.0079
2014,73,tolima,313709,0.8636,0.863,0.5127,0.8415,0.7277,0.4072,0.9632,0.8476,1.054,0.9884,0.7452,26.31,0.3456,0.0416,0.0283,0.0421,0.0455999999999999,0.0362,0.9031,0.0027,0.9155,0.0455999999999999,0.9145,0.0553,0.0027,0.9155,0.0858,0.0493,0.0092,0.0027,0.0081999999999999,0.0132,0.0065
2014,76,valle del cauca,880625,0.8552,0.8534,0.5364,0.8348,0.7081000000000001,0.3912,0.984,0.8798,1.0584,1.0324,0.7679,21.91,0.3621999999999999,0.0216,0.0206,0.018,0.0274,0.0196,0.956,0.0018,0.9662,0.0274,0.959,0.0224,0.0018,0.9662,0.0361,0.0214,0.0081999999999999,0.0018,0.0081,0.0106,0.0052
2014,81,arauca,74948,0.7155,0.7151000000000001,0.4318999999999999,0.7082999999999999,0.5471,0.276,0.8148000000000001,0.7666,0.9311,0.7912,0.5624,20.42,0.2123,0.0559,0.0165,0.05,0.0739,0.0676,0.944,0.0,0.95,0.0739,0.9313,0.0001,0.0,0.95,0.0,0.0011,0.0204,0.0,0.0147,0.0372,0.0139
2014,85,casanare,86899,1.0326,1.0324,0.7006,1.021,0.8471,0.4618,1.1709,1.0087000000000002,1.2833,1.2006,0.9092,25.78,0.2346,0.0227,0.0192,0.0208,0.0264,0.022,0.9287,0.0028,0.9455,0.0264,0.9395,0.0486,0.0028,0.9455,0.0836,0.0385,0.0118999999999999,0.0028,0.0102,0.0187,0.0056
2014,86,putumayo,92368,0.7772,0.7770999999999999,0.3697999999999999,0.7641,0.6322,0.2853,0.9013,0.7509,0.9889,0.9506,0.6579,28.41,0.1804,0.0433,0.0409999999999999,0.034,0.0576,0.0423,0.9459,0.0,0.9596,0.0576,0.9392,0.0108,0.0,0.9596,0.0176,0.0185,0.0104,0.0,0.0076,0.0179,0.0098
2014,88,"archipielago de san andres, providencia y santa catalina",15395,0.6817,0.6812999999999999,0.5444,0.6817,0.6125,0.3852,0.7386,0.7659,0.7606999999999999,0.7889,0.5748,26.04,0.96,0.0121999999999999,0.0210999999999999,0.0093999999999999,0.0125,0.0155,0.9874,0.0,0.9906,0.0125,0.9817,0.0003,0.0,0.9906,0.0,0.0027,0.0372,0.0,0.0289999999999999,0.0569,0.0375999999999999
2014,91,amazonas,22167,0.8212999999999999,0.8210999999999999,0.4391,0.8493,0.5769,0.2309,0.9565,0.895,1.1405,0.8912,0.6325999999999999,20.29,0.1651,0.0304,0.0297,0.0195,0.0467,0.0435,0.9693,0.0,0.9802,0.0467,0.9565,0.0003,0.0,0.9802,0.0005,0.0,0.039,0.0,0.0332,0.0617,0.0339
2014,94,guainia,11916,0.7367,0.7367,0.573,0.7108,0.3422,0.0803,0.9009,1.1592,1.1634,0.7681999999999999,0.4008,26.42,0.3077,0.0487999999999999,0.0458999999999999,0.038,0.0724,0.0533,0.8194,0.1069,0.8486,0.0724,0.8626999999999999,0.1317,0.1069,0.8486,0.1909,0.084,0.0464,0.1069,0.0428,0.0562,0.0264
2014,95,guaviare,31344,0.5623,0.5623,0.2653,0.5426,0.4326,0.2072,0.6766,0.5186,0.7498,0.7156999999999999,0.4853,29.54,0.1502,0.0256999999999999,0.0235,0.0233999999999999,0.0316,0.0207,0.9717,0.0141999999999999,0.9759,0.0316,0.9762,0.0026,0.0141999999999999,0.9759,0.0027,0.003,0.0141999999999999,0.0141999999999999,0.0116999999999999,0.0204,0.0167
2014,97,vaupes,12699,0.6282,0.6282,0.2097,0.6236999999999999,0.3417,0.111,0.7425,0.4177,0.9952,0.6562,0.4131,15.28,0.1261,0.0786,0.0318,0.0599,0.1183,0.1207,0.9,0.0,0.9242,0.1183,0.8157,0.0214,0.0,0.9242,0.0268,0.0636,0.032,0.0,0.0411,0.0209,0.0086
2014,99,vichada,21331,0.7452,0.7451000000000001,0.345,0.7482,0.3618,0.142,0.841,0.836,1.1812,0.6209,0.3636,17.86,0.4946,0.0509,0.03,0.0395,0.0863,0.0548,0.8875,0.0294,0.8865000000000001,0.0863,0.8951,0.0616,0.0294,0.8865000000000001,0.0447,0.0501,0.011,0.0294,0.0093,0.0197,0.0081
2015,5,antioquia,1262800,0.8992,0.8979,0.6107,0.8902,0.7417,0.4261,1.0314,0.7942,1.11,1.1009,0.8219,30.39,0.6129,0.0382,0.0286,0.0297,0.0555,0.0279999999999999,0.8934000000000001,0.002,0.9159,0.0555,0.9156,0.0684,0.002,0.9159,0.1056,0.0564,0.0283,0.002,0.0226,0.0455,0.0195
2015,8,atlantico,520783,0.8617,0.8592,0.5352,0.8212,0.7428,0.4561,0.9338,0.8192,1.0078,0.9567,0.7602,26.27,0.88,0.0139,0.0174,0.0129,0.0157,0.01,0.9519,0.0106,0.958,0.0157,0.9678,0.0342,0.0106,0.958,0.0496,0.0222,0.0169,0.0106,0.0138,0.0242,0.0106
2015,11,"bogota, d.c.",1455309,0.8220000000000001,0.8177,0.5917,0.7894,0.7489,0.5061,0.8845000000000001,0.7376999999999999,0.8914,0.946,0.8194,27.56,0.9887,0.0363,0.0348,0.0272,0.0484999999999999,0.032,0.9629,0.0,0.9725,0.0484999999999999,0.9657,0.0009,0.0,0.9725,0.0012,0.0023,0.0991,0.0,0.0649,0.1602,0.0794
2015,13,bolivar,488886,0.8878,0.8869,0.585,0.8733,0.7105,0.3934,1.0018,0.9861,1.1111,1.0044,0.7343999999999999,23.02,0.4493999999999999,0.0301,0.0316,0.0254,0.0375,0.0269,0.915,0.0078,0.9285,0.0375,0.9234,0.0549,0.0078,0.9285,0.0815,0.0496999999999999,0.0183,0.0078,0.0174,0.0246,0.0092
2015,15,boyaca,284611,0.8362,0.8356999999999999,0.6302,0.8065000000000001,0.7422,0.4861,0.9337,0.821,0.9212,1.013,0.8547,25.17,0.2296,0.0222,0.018,0.0139,0.0319,0.0232,0.9327,0.0029,0.9564,0.0319,0.9339,0.0451,0.0029,0.9564,0.0709,0.0429,0.0227,0.0029,0.0146,0.0368,0.0207
2015,17,caldas,194108,0.789,0.7886,0.5246999999999999,0.7453,0.6923999999999999,0.4355,0.9019,0.6831,0.9154,0.9776,0.8240999999999999,25.44,0.3069,0.0366999999999999,0.0366,0.027,0.0507,0.031,0.8813,0.008,0.9065,0.0507,0.9057,0.0819999999999999,0.008,0.9065,0.1214,0.0634,0.0218,0.008,0.0155,0.0358,0.0165
2015,18,caqueta,124382,0.7314,0.7312000000000001,0.4387,0.7282,0.5452,0.2362999999999999,0.8542000000000001,0.7537,0.9951,0.8251000000000001,0.6015999999999999,22.94,0.1477,0.0487,0.049,0.0411,0.0630999999999999,0.0408,0.9165,0.0067,0.9231,0.0630999999999999,0.9323,0.0348,0.0067,0.9231,0.0421999999999999,0.0269,0.0126,0.0067,0.0102,0.0187,0.0116999999999999
2015,19,cauca,312453,0.8220999999999999,0.8220999999999999,0.447,0.8442000000000001,0.6304,0.3128,0.9904,0.8051,1.1284999999999998,0.9932,0.7471,19.12,0.4493,0.0217,0.0212,0.0131,0.0343,0.0246,0.9164,0.0103,0.9286,0.0343,0.9205,0.0619,0.0103,0.9286,0.0817,0.0548,0.0123,0.0103,0.0124,0.016,0.0068
2015,20,cesar,260802,0.9552,0.9539,0.6164999999999999,0.9276,0.7387999999999999,0.3863,1.0985,1.0995,1.2653,1.0438,0.7846,26.72,0.3987,0.0438,0.0546,0.0395999999999999,0.051,0.031,0.9048,0.0121999999999999,0.9148,0.051,0.9231,0.0513999999999999,0.0121999999999999,0.9148,0.0724,0.0458999999999999,0.0108,0.0121999999999999,0.0106,0.0132,0.0034999999999999
2015,23,cordoba,409982,0.8954000000000001,0.895,0.5257999999999999,0.8747,0.7218000000000001,0.3897,1.0333,0.9422,1.1314,1.0516,0.7872,21.09,0.3912,0.0226,0.0283,0.0178,0.0289999999999999,0.0204999999999999,0.9451,0.0062,0.9555,0.0289999999999999,0.9432,0.0323,0.0062,0.9555,0.0458999999999999,0.0363,0.0179,0.0062,0.0195,0.0204999999999999,0.011
2015,25,cundinamarca,576429,0.9072,0.9047,0.5593,0.8683,0.8090999999999999,0.505,1.0022,0.8358,1.0259,1.0825,0.8649,19.59,0.3273,0.0327,0.0352,0.0224,0.0462,0.0286,0.932,0.0043,0.9557,0.0462,0.9384,0.0352,0.0043,0.9557,0.0579999999999999,0.033,0.0214,0.0043,0.0167,0.0326,0.0144
2015,27,choco,145625,0.8048000000000001,0.8048000000000001,0.5199,0.8220000000000001,0.473,0.2035,1.0091,0.9124,1.2613,0.8789,0.6356,18.79,0.2014999999999999,0.0478,0.0426999999999999,0.0436,0.0630999999999999,0.0302,0.8835,0.0034,0.8748999999999999,0.0630999999999999,0.9407,0.0687,0.0034,0.8748999999999999,0.0741,0.0291,0.0029,0.0034,0.003,0.0034,0.0012
2015,41,huila,269323,0.8764,0.8758,0.58,0.8776999999999999,0.7481,0.4014999999999999,0.9918,0.8048000000000001,1.0737,1.052,0.7613,26.24,0.3893,0.0516999999999999,0.0449,0.0352,0.0775,0.0466,0.8704000000000001,0.0034,0.9064,0.0775,0.8767,0.0779,0.0034,0.9064,0.1209,0.0767,0.0109,0.0034,0.008,0.0178,0.0087
2015,44,la guajira,258207,0.7412000000000001,0.7408,0.4717,0.7158,0.4462,0.198,0.8661,0.9591,1.1096,0.7123,0.4218,23.7,0.2189999999999999,0.0229,0.0196,0.0196,0.0325,0.0191,0.9583,0.004,0.9611,0.0325,0.9679,0.0187999999999999,0.004,0.9611,0.0252,0.013,0.0141999999999999,0.004,0.0129,0.0184,0.0064
2015,47,magdalena,330539,0.9361,0.9343,0.6405,0.873,0.6906,0.3565,1.0808,1.4318,1.1886,1.0373,0.7143,22.89,0.4002,0.0354,0.0306999999999999,0.0354,0.0393,0.0282,0.9368,0.0128,0.9388,0.0393,0.9486,0.0278,0.0128,0.9388,0.0372,0.0232,0.0107,0.0128,0.01,0.0139999999999999,0.0046
2015,50,meta,217437,0.9219,0.9214,0.5932,0.9032,0.7635,0.4226,1.0388,0.8987999999999999,1.1325,1.0612,0.8214,27.52,0.529,0.033,0.0339,0.0268,0.0435,0.0256999999999999,0.9208,0.001,0.9423,0.0435,0.9346,0.0462,0.001,0.9423,0.0794,0.0397,0.011,0.001,0.0078,0.0194,0.0055
2015,52,narino,396138,0.7353000000000001,0.7351000000000001,0.3988,0.7143,0.5646,0.2995,0.8826,0.6981999999999999,0.9564,0.9426,0.6717,21.61,0.3026999999999999,0.0123,0.0085,0.0075,0.019,0.0151,0.9642,0.0003,0.9747,0.019,0.952,0.0235,0.0003,0.9747,0.0339,0.0327999999999999,0.0135,0.0003,0.0104,0.0227,0.0095
2015,54,norte de santander,310611,0.8589,0.8584,0.5803,0.8926999999999999,0.687,0.3624,0.9927,0.9226,1.1358,0.9755,0.7275,24.33,0.1912,0.0266,0.0289999999999999,0.0207,0.0353,0.0254,0.9575,0.0015,0.9686,0.0353,0.9535,0.0159,0.0015,0.9686,0.0255,0.0210999999999999,0.0131,0.0015,0.0108,0.02,0.0085
2015,63,quindio,109400,0.8193,0.8186,0.4492,0.7418,0.7601,0.4803,0.9403,0.7016,0.8946,1.084,0.8863,28.78,0.1593,0.059,0.0592,0.0474,0.0762999999999999,0.0467,0.8809,0.0015,0.9146,0.0762999999999999,0.8894,0.0601,0.0015,0.9146,0.0931,0.0639,0.0138,0.0015,0.0111,0.0204,0.011
2015,66,risaralda,183900,0.8812000000000001,0.8794,0.5405,0.8331999999999999,0.7659999999999999,0.4322,1.025,0.8112,1.0321,1.1361,0.8946,25.65,0.5542,0.0504999999999999,0.05,0.0366999999999999,0.072,0.0383,0.8903,0.0138,0.9249,0.072,0.91,0.0592,0.0138,0.9249,0.0964,0.0518,0.0152,0.0138,0.0128,0.0236,0.0073
2015,68,santander,407815,0.945,0.9437,0.599,0.9434,0.8245,0.4784,1.0597,0.9426,1.1223,1.119,0.8551000000000001,26.17,0.2565,0.0317,0.0418,0.0237,0.0421999999999999,0.0250999999999999,0.9193,0.0081,0.947,0.0421999999999999,0.9236,0.049,0.0081,0.947,0.0818,0.0513,0.0162,0.0081,0.0112,0.0264,0.0131
2015,70,sucre,200001,0.958,0.9574,0.6738,0.95,0.7313,0.4225,1.1216,1.2556,1.2233,1.0959,0.8564,22.7,0.5039,0.0265,0.0296,0.0197999999999999,0.0354,0.0259,0.8704000000000001,0.0097,0.8813,0.0354,0.8856999999999999,0.1031,0.0097,0.8813,0.1427,0.0883999999999999,0.0060999999999999,0.0097,0.0069,0.0055,0.0023
2015,73,tolima,310206,0.8548,0.8541,0.5139,0.8309000000000001,0.7152,0.4241,0.9632,0.8271999999999999,1.0454,0.9892,0.7744,25.42,0.278,0.0371,0.0445,0.031,0.0467999999999999,0.0277,0.8908,0.0056999999999999,0.9097,0.0467999999999999,0.9196,0.0722,0.0056999999999999,0.9097,0.1099,0.0527,0.0058,0.0056999999999999,0.0052,0.0083,0.0037
2015,76,valle del cauca,875476,0.8443999999999999,0.8426,0.5096,0.8262999999999999,0.6959000000000001,0.3964,0.9674,0.8223999999999999,1.044,1.0113,0.772,22.38,0.431,0.0278,0.0306999999999999,0.0224,0.0363,0.0231,0.9104,0.0069,0.9314,0.0363,0.9271,0.0617999999999999,0.0069,0.9314,0.0969999999999999,0.0499,0.0092,0.0069,0.0072,0.0144,0.006
2015,81,arauca,75107,0.7288,0.7284,0.4647,0.7195,0.5590999999999999,0.2837,0.8295,0.8265,0.9152,0.8264,0.5976,20.22,0.3754999999999999,0.0351,0.0317,0.0282,0.0484,0.0327999999999999,0.9629,0.0,0.9718,0.0484,0.9564,0.002,0.0,0.9718,0.0034,0.0108,0.0227,0.0,0.0192,0.0347,0.0192
2015,85,casanare,87417,1.0243,1.0239,0.7061,1.02,0.8312,0.4695,1.1506,1.0231,1.235,1.1957,0.9097,25.71,0.203,0.0375,0.0412999999999999,0.0304,0.0504,0.0259,0.8889,0.0042,0.9159,0.0504,0.9206,0.0736,0.0042,0.9159,0.1239,0.0535,0.0121,0.0042,0.0101,0.0184,0.0069
2015,86,putumayo,91874,0.7670999999999999,0.767,0.3559,0.7552,0.6309,0.2954,0.8874,0.7248,0.9592,0.9484,0.667,27.77,0.2527,0.0526,0.0629,0.0445,0.0646,0.043,0.8923000000000001,0.0034,0.9154,0.0646,0.9031,0.0550999999999999,0.0034,0.9154,0.0875,0.0538999999999999,0.0085,0.0034,0.0074,0.012,0.0081999999999999
2015,88,"archipielago de san andres, providencia y santa catalina",15265,0.6734,0.6729999999999999,0.5234000000000001,0.6737000000000001,0.6042000000000001,0.3901,0.7267,0.691,0.7606999999999999,0.7645000000000001,0.5881000000000001,25.8,0.8332999999999999,0.0063,0.0029,0.004,0.0101,0.0069999999999999,0.9592,0.0015,0.9757,0.0101,0.9621,0.0344,0.0015,0.9757,0.0626,0.0308,0.0216,0.0015,0.0183,0.0324,0.0148
2015,91,amazonas,22212,0.8149,0.8146,0.4065,0.8275,0.5941,0.2652,0.9576,0.7935,1.1101,0.9427,0.6701,20.13,0.1636,0.0475999999999999,0.0454,0.0253,0.08,0.0669,0.8923000000000001,0.0027,0.9055,0.08,0.8852,0.0601,0.0027,0.9055,0.0626999999999999,0.0479,0.0165,0.0027,0.0202,0.0139,0.0134
2015,94,guainia,11913,0.753,0.753,0.5321,0.7275,0.359,0.0816,0.9344,1.1702,1.1723,0.8578,0.381,26.15,0.2444,0.0764,0.0662,0.0639,0.1059,0.0761,0.754,0.1132,0.7619,0.1059,0.7631999999999999,0.1696,0.1132,0.7619,0.1855,0.1607,0.0212,0.1132,0.0224,0.0189,0.0
2015,95,guaviare,31553,0.5490999999999999,0.5489999999999999,0.2732,0.5402,0.4088,0.1945,0.659,0.5393,0.7287,0.6861,0.4772,27.73,0.2408,0.047,0.0467999999999999,0.0379,0.0648,0.0372,0.8798999999999999,0.027,0.8992,0.0648,0.9006000000000001,0.0731,0.027,0.8992,0.1045,0.0622,0.0121,0.027,0.009,0.0204999999999999,0.0093999999999999
2015,97,vaupes,12684,0.6408,0.6408,0.2027,0.6442,0.3556,0.1159,0.7658,0.4434,1.0151,0.6879000000000001,0.4291,14.69,0.2458,0.0808,0.0679,0.0773,0.0966,0.0586,0.7837999999999999,0.0579,0.7715000000000001,0.0966,0.8573999999999999,0.1354,0.0579,0.7715000000000001,0.1293,0.084,0.0349,0.0579,0.0408,0.0337,0.0016
2015,99,vichada,21644,0.7681999999999999,0.7681,0.3963,0.7935,0.346,0.1494,0.8709,0.8664000000000001,1.2364,0.6225999999999999,0.3802,14.63,0.4161999999999999,0.0923,0.1014,0.0815,0.1215,0.0796,0.7694,0.0162,0.755,0.1215,0.848,0.1382,0.0162,0.755,0.1339,0.0724,0.0088,0.0162,0.0081999999999999,0.0111,0.0133
2016,5,antioquia,1265147,0.882,0.8808,0.5650999999999999,0.8684000000000001,0.7359,0.4342,1.0172,0.7525,1.0888,1.0904,0.8286,30.59,0.2618,0.0447,0.0358,0.0342,0.0646,0.0338,0.884,0.0017,0.9066,0.0646,0.9097,0.0713,0.0017,0.9066,0.1063,0.0566,0.0302,0.0017,0.0304,0.0412,0.0116
2016,8,atlantico,519509,0.897,0.8935,0.5337,0.8578,0.7545000000000001,0.5036999999999999,0.9802,0.8458,1.0521,0.9977,0.833,27.78,0.9539,0.0213,0.0291,0.0207,0.0227999999999999,0.015,0.9442,0.0116,0.9498,0.0227999999999999,0.9606,0.0344,0.0116,0.9498,0.0489,0.0243999999999999,0.0123,0.0116,0.0121,0.0152,0.0052
2016,11,"bogota, d.c.",1453283,0.807,0.8026000000000001,0.5639,0.7904000000000001,0.726,0.4972999999999999,0.8729,0.7128,0.888,0.9209,0.8207,27.28,0.9765,0.0208,0.0217,0.0157,0.0269,0.0202,0.9755,0.0,0.9839,0.0269,0.9598,0.0037,0.0,0.9839,0.0017,0.02,0.0373,0.0,0.0292,0.0601,0.0209
2016,13,bolivar,487274,0.895,0.8941,0.5628,0.8801000000000001,0.7099,0.4255,1.0118,0.9789,1.1211,1.0125,0.7556,24.54,0.4821,0.0297,0.0358,0.0245,0.0371,0.0248,0.9168,0.0077,0.9307,0.0371,0.9244,0.0535,0.0077,0.9307,0.0789,0.0507,0.0216,0.0077,0.0222,0.0266,0.0107
2016,15,boyaca,279627,0.838,0.8370000000000001,0.6062,0.8148000000000001,0.747,0.5036,0.96,0.7948999999999999,0.9811,1.0139,0.8769,24.77,0.2686,0.0246,0.0200999999999999,0.0147,0.037,0.0233,0.935,0.0021,0.9582,0.037,0.9376,0.0404,0.0021,0.9582,0.0628,0.0391,0.0218,0.0021,0.0166,0.0349,0.0112
2016,17,caldas,192703,0.774,0.774,0.5021,0.7248,0.6940000000000001,0.4379999999999999,0.8886,0.6620999999999999,0.8926000000000001,0.9777,0.8112999999999999,25.34,0.3558,0.0428,0.0438,0.0314,0.0591,0.0344,0.8916,0.0051,0.9127,0.0591,0.9185,0.0655999999999999,0.0051,0.9127,0.0942,0.0472,0.0216,0.0051,0.0178,0.032,0.0133
2016,18,caqueta,124296,0.754,0.7536,0.4675,0.7490000000000001,0.5499,0.2468,0.8813,0.7944,1.0224,0.8390000000000001,0.6496999999999999,26.52,0.119,0.0688,0.0722,0.0592,0.0877999999999999,0.0529,0.9169,0.0018,0.9288,0.0877999999999999,0.9255,0.0143,0.0018,0.9288,0.0196,0.0216,0.022,0.0018,0.0216,0.0297,0.01
2016,19,cauca,307989,0.8390000000000001,0.8384,0.4841,0.8512000000000001,0.6548999999999999,0.3356,1.0022,0.8406,1.1256,1.0227,0.7483,20.25,0.5152,0.0283999999999999,0.0256999999999999,0.0185,0.0425,0.033,0.9142,0.0098,0.9244,0.0425,0.9152,0.0573,0.0098,0.9244,0.0705,0.0519,0.0121999999999999,0.0098,0.0106,0.0178,0.008
2016,20,cesar,259794,0.976,0.9744,0.5868,0.956,0.7501000000000001,0.4261,1.1073,1.1177,1.2498,1.0598999999999998,0.8348,27.66,0.3968,0.0507,0.0694,0.0476999999999999,0.0562999999999999,0.0301,0.8953,0.0227,0.9023,0.0562999999999999,0.9248,0.054,0.0227,0.9023,0.071,0.0452,0.0118999999999999,0.0227,0.0118,0.0144999999999999,0.005
2016,23,cordoba,411715,0.903,0.9028,0.5099,0.8748999999999999,0.7253000000000001,0.4242,1.0435,0.9394,1.1423,1.0442,0.8377,21.79,0.4740999999999999,0.0302999999999999,0.034,0.0227,0.0401999999999999,0.0306999999999999,0.936,0.0060999999999999,0.95,0.0401999999999999,0.932,0.0337,0.0060999999999999,0.95,0.0486,0.0373,0.0375,0.0060999999999999,0.0381,0.0438,0.0187
2016,25,cundinamarca,577612,0.912,0.909,0.5631,0.8825,0.8047,0.5092,1.0115,0.8389,1.036,1.087,0.8848999999999999,19.58,0.3484,0.0368,0.0401999999999999,0.0268,0.0504999999999999,0.0306,0.9327,0.0054,0.953,0.0504999999999999,0.9438,0.0305,0.0054,0.953,0.0496999999999999,0.0256,0.024,0.0054,0.0186,0.0371,0.0146
2016,27,choco,145596,0.7979999999999999,0.7985,0.4911999999999999,0.8151,0.4805,0.2234,0.9688,0.8692,1.224,0.8345,0.5964,22.59,0.3849,0.0358,0.0394,0.0324,0.0437,0.0277,0.8744,0.0034,0.8718,0.0437,0.9238,0.0898,0.0034,0.8718,0.1156,0.0484999999999999,0.0194,0.0034,0.027,0.0128,0.004
2016,41,huila,268744,0.8590000000000001,0.8584,0.5687,0.8606999999999999,0.73,0.4050999999999999,0.9684,0.8043,1.0387,1.0215,0.7686,25.34,0.2644,0.0523,0.0429,0.0375,0.0776,0.0438999999999999,0.8582,0.004,0.897,0.0776,0.8723000000000001,0.0894,0.004,0.897,0.1427999999999999,0.0838,0.0435,0.004,0.0414,0.0601,0.0246
2016,44,la guajira,264785,0.757,0.7559,0.4846999999999999,0.7288,0.4595,0.2057,0.883,1.0154,1.1146,0.7415,0.4265,23.92,0.223,0.0462,0.0383,0.0506,0.0446,0.0276,0.935,0.006,0.9309,0.0446,0.96,0.0189,0.006,0.9309,0.0266999999999999,0.0124,0.045,0.006,0.0458999999999999,0.053,0.0147
2016,47,magdalena,329234,0.925,0.9233,0.5896,0.8537,0.6873999999999999,0.3796,1.0824,1.2928,1.1794,1.0698,0.755,23.34,0.5403,0.032,0.0359,0.0316,0.034,0.0235,0.9431,0.0043,0.9466,0.034,0.9566,0.0249,0.0043,0.9466,0.0371,0.0199,0.0530999999999999,0.0043,0.0483,0.0438,0.0139999999999999
2016,50,meta,219565,0.924,0.9228,0.5626,0.9078,0.7726999999999999,0.4397,1.0473,0.8744,1.1432,1.0625,0.8556,27.42,0.5173,0.0535,0.0658,0.0424,0.0702,0.0406,0.8908,0.0018,0.9188,0.0702,0.9073,0.0557,0.0018,0.9188,0.0922,0.0521,0.0086,0.0018,0.0084,0.0123,0.0025
2016,52,narino,394574,0.711,0.7112999999999999,0.3856,0.6831999999999999,0.5656,0.298,0.8328,0.6799,0.9157,0.8698,0.6311,21.15,0.3290999999999999,0.0167,0.008,0.01,0.0260999999999999,0.0222,0.9644,0.0004,0.9771,0.0260999999999999,0.9586,0.0189,0.0004,0.9771,0.0306999999999999,0.0192,0.0264,0.0004,0.0236,0.0379,0.0134
2016,54,norte de santander,307238,0.8859999999999999,0.8851,0.5843,0.9231,0.7090000000000001,0.38,1.0166,0.9273,1.1555,1.0097,0.7498999999999999,26.77,0.3135,0.0484,0.054,0.0389,0.0650999999999999,0.037,0.9124,0.0026,0.9344,0.0650999999999999,0.9176,0.0391,0.0026,0.9344,0.0645,0.0455,0.0185,0.0026,0.0157,0.0269,0.0125
2016,63,quindio,108652,0.7979999999999999,0.7974,0.4606,0.7240000000000001,0.7515999999999999,0.493,0.9175,0.6915,0.8634000000000001,1.0445,0.9122,27.93,0.4777,0.0617999999999999,0.0637,0.0496999999999999,0.0799,0.0487,0.8741,0.0029,0.9059,0.0799,0.8937,0.0641,0.0029,0.9059,0.0989,0.0576,0.0113,0.0029,0.008,0.0183,0.0069999999999999
2016,66,risaralda,182345,0.8740000000000001,0.8715999999999999,0.5474,0.8295,0.7603,0.4493,1.0231,0.8097,1.0431,1.101,0.926,25.75,0.5211,0.0467,0.0537,0.0335,0.066,0.0351,0.8954000000000001,0.0138,0.9256,0.066,0.9103,0.0579,0.0138,0.9256,0.0891,0.0546,0.0109,0.0138,0.0089,0.0169,0.0051
2016,68,santander,402820,0.952,0.95,0.5967,0.9475,0.83,0.5045000000000001,1.0647,0.9539,1.1142,1.1212,0.8914,24.89,0.3265,0.0397,0.051,0.0317,0.0516999999999999,0.0276,0.8989,0.0052,0.9298,0.0516999999999999,0.9108,0.0613999999999999,0.0052,0.9298,0.1022,0.0615,0.0248,0.0052,0.0196,0.039,0.0127
2016,70,sucre,198817,0.968,0.9672,0.6446,0.9601,0.7419,0.4479999999999999,1.1151,1.2726,1.2212,1.0739,0.8564,23.03,0.5554,0.0295,0.0314,0.0233999999999999,0.0397,0.0227,0.8741,0.0144,0.8895000000000001,0.0397,0.895,0.0964,0.0144,0.8895000000000001,0.1393,0.0823,0.0046999999999999,0.0144,0.0048,0.0056999999999999,0.0032
2016,73,tolima,306395,0.847,0.8459,0.4932999999999999,0.8247,0.7120000000000001,0.4422999999999999,0.9533,0.7958,1.0185,0.9873,0.8012999999999999,25.32,0.4063,0.037,0.0401999999999999,0.0297,0.0491,0.0279999999999999,0.8931,0.0069999999999999,0.9164,0.0491,0.911,0.0698,0.0069999999999999,0.9164,0.1067,0.061,0.0060999999999999,0.0069999999999999,0.006,0.0081999999999999,0.0025
2016,76,valle del cauca,873706,0.8140000000000001,0.8123,0.4711999999999999,0.7837999999999999,0.6990999999999999,0.4143,0.9381,0.7423000000000001,0.9831,1.0053,0.7948000000000001,24.65,0.6306,0.0434,0.0481,0.0356,0.0549,0.035,0.8872,0.0064,0.9133,0.0549,0.9079,0.0694,0.0064,0.9133,0.1069,0.0571,0.0129,0.0064,0.0124,0.017,0.0054
2016,81,arauca,75185,0.74,0.7395,0.4572,0.7341,0.5660000000000001,0.3026,0.8537,0.8184999999999999,0.9601,0.83,0.6317,20.24,0.1329,0.0372,0.0445,0.0299,0.0475,0.0361,0.9628,0.0,0.9701,0.0475,0.9637,0.0,0.0,0.9701,0.0,0.0002,0.0344,0.0,0.0249,0.0599,0.023
2016,85,casanare,88003,1.002,1.0018,0.674,0.9915,0.8220000000000001,0.4743,1.1165,0.9563,1.197,1.1725,0.8795999999999999,24.82,0.3842,0.0421,0.0401,0.0359,0.0562,0.027,0.9023,0.0021,0.9286,0.0562,0.9234,0.0556,0.0021,0.9286,0.0969999999999999,0.0496,0.0403,0.0021,0.037,0.0588999999999999,0.0141
2016,86,putumayo,91441,0.7609999999999999,0.7609,0.3427,0.7399,0.6426000000000001,0.3265,0.878,0.7036,0.9253,0.9551,0.6927,26.86,0.1607999999999999,0.0753,0.0757,0.0666,0.0917999999999999,0.0591,0.8613,0.0023,0.8875,0.0917999999999999,0.8809999999999999,0.0634,0.0023,0.8875,0.1006,0.06,0.0256,0.0023,0.0233999999999999,0.0355,0.011
2016,88,"archipielago de san andres, providencia y santa catalina",15167,0.682,0.6815000000000001,0.469,0.7028,0.6046,0.3867,0.7381,0.6484000000000001,0.8067,0.7608,0.5706,25.96,0.7917000000000001,0.0226,0.0109,0.023,0.0266,0.0162,0.9773,0.0,0.977,0.0266,0.9829,0.0001,0.0,0.977,0.0,0.001,0.0247,0.0,0.0199,0.0371,0.0237999999999999
2016,91,amazonas,22243,0.8140000000000001,0.8134999999999999,0.4543999999999999,0.8027,0.5977,0.2664,0.9612,0.8442000000000001,1.0878,0.9616,0.6838,21.22,0.2661,0.0506,0.0523,0.0275,0.0849,0.0596,0.8911,0.0032,0.9128,0.0849,0.8825,0.0583,0.0032,0.9128,0.0705,0.0579,0.0661,0.0032,0.075,0.0717,0.0414
2016,94,guainia,11935,0.7759999999999999,0.7764,0.5882000000000001,0.7591,0.355,0.0901,0.9579,1.2045,1.1787999999999998,0.8933,0.4122999999999999,26.3,0.1889,0.0821,0.0963,0.0664,0.1116,0.06,0.7484999999999999,0.0767,0.772,0.1116,0.8123999999999999,0.1694,0.0767,0.772,0.2319,0.1277,0.019,0.0767,0.0168,0.018,0.0058
2016,95,guaviare,31671,0.5479999999999999,0.5483,0.2598999999999999,0.5338,0.4152,0.2119,0.654,0.5276,0.7204999999999999,0.6869,0.4722999999999999,27.87,0.1975,0.047,0.0532,0.0359,0.0647,0.0445,0.8919,0.0051,0.9148,0.0647,0.8887999999999999,0.0611,0.0051,0.9148,0.093,0.0667,0.0285,0.0051,0.0218,0.0457,0.0222
2016,97,vaupes,12654,0.642,0.6417,0.2391,0.6333,0.3809,0.1267,0.7678,0.473,0.9643,0.7394,0.4546,14.21,0.2566,0.066,0.0637,0.0496999999999999,0.1015,0.0511,0.8311,0.0019,0.8291,0.1015,0.8784000000000001,0.1028999999999999,0.0019,0.8291,0.0956,0.0706,0.0302,0.0019,0.0326,0.032,0.018
2016,99,vichada,21951,0.778,0.7778,0.4152,0.8009000000000001,0.3458,0.1469,0.879,0.8445999999999999,1.2536,0.6317,0.373,17.25,0.4158,0.0816,0.1014,0.0771,0.0909,0.0622,0.7803,0.018,0.7521,0.0909,0.8822,0.1381,0.018,0.7521,0.1153,0.0557,0.0326,0.018,0.0379,0.0288,0.0121
2017,5,antioquia,1270105,0.861,0.86,0.5658,0.833,0.7393000000000001,0.4285,0.9815,0.7491,1.0194,1.0754,0.8177,31.73,0.3285,0.0415,0.0356,0.0327999999999999,0.0569,0.0339,0.8868,0.0019,0.908,0.0569,0.9095,0.0716,0.0019,0.908,0.1064,0.0566,0.0652,0.0019,0.0630999999999999,0.0894,0.0297
2017,8,atlantico,518257,0.911,0.9072,0.5852,0.8759,0.7665000000000001,0.5084000000000001,0.9932,0.89,1.0529000000000002,1.0094,0.8639,32.24,0.925,0.0128,0.0203,0.0123,0.0132,0.0096,0.9418,0.0112,0.9492,0.0132,0.9582,0.0454,0.0112,0.9492,0.0659,0.0322,0.0111,0.0112,0.0121,0.0127,0.0036
2017,11,"bogota, d.c.",1452849,0.799,0.7945,0.5462,0.7853,0.7147,0.493,0.8662000000000001,0.7051999999999999,0.8819,0.9072,0.8266,31.84,0.9876,0.0162,0.0220999999999999,0.0131,0.019,0.0155,0.9729,0.0004,0.9804,0.019,0.9618,0.0109,0.0004,0.9804,0.0136,0.0227,0.0014,0.0004,0.0014,0.002,0.0006
2017,13,bolivar,486067,0.907,0.9058,0.6286999999999999,0.8822,0.7295999999999999,0.4318,1.0217,1.0358,1.1135,1.0287,0.7719,25.85,0.3917,0.0265,0.0337,0.0224,0.0315,0.0232,0.9116,0.0096,0.9198,0.0315,0.9214,0.0619,0.0096,0.9198,0.0838,0.0554,0.044,0.0096,0.0421999999999999,0.0550999999999999,0.0226
2017,15,boyaca,275027,0.835,0.8348,0.6065999999999999,0.8140999999999999,0.7523000000000001,0.501,0.9476,0.7916,0.9516,1.0138,0.8774,27.7,0.2723,0.0215,0.0355,0.0127,0.0286,0.0222,0.9261,0.0022,0.9556,0.0286,0.9283,0.0525,0.0022,0.9556,0.0865,0.0495,0.023,0.0022,0.0165,0.0369,0.0155
2017,17,caldas,191444,0.758,0.7572,0.5176,0.7011,0.6870999999999999,0.4306,0.8634999999999999,0.6493000000000001,0.8532,0.9688,0.7829,26.94,0.3797,0.0347,0.0366999999999999,0.0254,0.0467,0.03,0.8946,0.0044,0.9185,0.0467,0.9115,0.0707,0.0044,0.9185,0.1031,0.0584999999999999,0.0308,0.0044,0.0237999999999999,0.0475,0.0187999999999999
2017,18,caqueta,124222,0.7440000000000001,0.7437,0.4649,0.7367,0.5611,0.2484,0.8809999999999999,0.7713,0.998,0.8432999999999999,0.7142000000000001,28.15,0.083,0.0673,0.0723,0.0581,0.0831,0.0584,0.9051,0.004,0.9164,0.0831,0.9152,0.0276,0.004,0.9164,0.0375,0.0264,0.0343,0.004,0.0366,0.0405,0.0162
2017,19,cauca,303777,0.833,0.8331999999999999,0.4993,0.8453,0.6701,0.3406,0.9931,0.851,1.0932,1.0237,0.7646999999999999,20.13,0.3201,0.0276,0.0236,0.0174,0.0407,0.0355,0.9066,0.0121,0.9221,0.0407,0.9074,0.0659,0.0121,0.9221,0.0891,0.0571,0.0126,0.0121,0.0098999999999999,0.0196,0.0097
2017,20,cesar,259051,0.991,0.9892,0.6389,0.9633,0.7705,0.4361,1.1118,1.1487,1.2638,1.0638,0.8018000000000001,30.74,0.2642,0.0398,0.0552,0.0366999999999999,0.0445,0.0256999999999999,0.9056,0.0105,0.9146,0.0445,0.918,0.0546,0.0105,0.9146,0.0749,0.0562999999999999,0.0092,0.0105,0.0093999999999999,0.0108,0.0034999999999999
2017,23,cordoba,413883,0.888,0.8872,0.5375,0.8434999999999999,0.7301000000000001,0.422,1.0131,0.969,1.0819,1.028,0.8244,21.51,0.3799,0.0302999999999999,0.0333,0.0215,0.0408,0.0332,0.9323,0.0052,0.9467,0.0408,0.9283,0.0375,0.0052,0.9467,0.0533999999999999,0.0385,0.0329,0.0052,0.0326,0.0408,0.0203
2017,25,cundinamarca,579364,0.918,0.9156,0.5722,0.8926999999999999,0.8165,0.5157,1.0172,0.8377,1.0374,1.0961,0.8986,20.14,0.2904,0.0256999999999999,0.0325,0.0184,0.0342,0.023,0.9405,0.0054,0.9579,0.0342,0.9457,0.0337,0.0054,0.9579,0.0521999999999999,0.0313,0.0243,0.0054,0.0192,0.0366999999999999,0.0154
2017,27,choco,145765,0.792,0.7918999999999999,0.5405,0.8016,0.4896999999999999,0.2219,0.9551,0.9222,1.167,0.8412999999999999,0.6224000000000001,23.39,0.3632,0.0237999999999999,0.0299,0.0196,0.0315,0.0197,0.8848999999999999,0.0028,0.8814,0.0315,0.9268,0.0914,0.0028,0.8814,0.1168,0.0535,0.0223,0.0028,0.0314,0.0139,0.0038
2017,41,huila,268582,0.853,0.8517,0.6202000000000001,0.8405,0.7308,0.4014,0.9517,0.8556,0.9964,1.0108,0.7694,28.26,0.2576,0.0414,0.0332,0.0275,0.064,0.0352,0.8656999999999999,0.0037,0.9065,0.064,0.8798,0.093,0.0037,0.9065,0.1525999999999999,0.0849,0.0332,0.0037,0.0275,0.0501,0.0247
2017,44,la guajira,271221,0.755,0.7544,0.5171,0.7295999999999999,0.4692,0.2069,0.8651000000000001,0.9619,1.069,0.7548,0.4475,25.73,0.083,0.0298,0.0411,0.0243999999999999,0.0372,0.0259,0.9392,0.0038,0.9419,0.0372,0.956,0.031,0.0038,0.9419,0.0392,0.0182,0.0484999999999999,0.0038,0.053,0.0524,0.0159
2017,47,magdalena,327940,0.936,0.933,0.5703,0.8781,0.7005,0.3923,1.0939,1.1626,1.2026,1.0911,0.7890999999999999,26.88,0.4971,0.0256999999999999,0.0346,0.0248,0.0266,0.0187999999999999,0.9462,0.0081999999999999,0.9431,0.0266,0.9594,0.0279999999999999,0.0081999999999999,0.9431,0.03,0.0218,0.0252,0.0081999999999999,0.0260999999999999,0.0239,0.01
2017,50,meta,221844,0.909,0.9088,0.5686,0.8887,0.769,0.439,1.0217,0.8534999999999999,1.0898,1.0572,0.8589,31.09,0.2583,0.042,0.0455999999999999,0.0352,0.0533,0.0331,0.9081,0.0011,0.927,0.0533,0.924,0.0499,0.0011,0.927,0.0791999999999999,0.0429,0.0104,0.0011,0.0088,0.0163,0.0049
2017,52,narino,393195,0.7020000000000001,0.7016,0.3749,0.6668000000000001,0.5745,0.2986,0.833,0.6448,0.9131,0.8785,0.6393,21.0,0.281,0.0139999999999999,0.0118,0.0097,0.0191,0.0177,0.9582,0.0038,0.9665,0.0191,0.9619,0.0278,0.0038,0.9665,0.0399,0.0204,0.0317,0.0038,0.0279,0.0447,0.0191
2017,54,norte de santander,304148,0.904,0.903,0.6133,0.9297,0.7365,0.3983,1.0526,0.9167,1.146,1.078,0.8493999999999999,30.32,0.3044,0.036,0.0412,0.0273,0.0481,0.0354,0.9186,0.0116999999999999,0.9438,0.0481,0.9144,0.0454,0.0116999999999999,0.9438,0.0758,0.0501999999999999,0.0124,0.0116999999999999,0.012,0.017,0.0054
2017,63,quindio,108156,0.778,0.7768999999999999,0.4543,0.7086,0.7273000000000001,0.4818,0.8856999999999999,0.6787000000000001,0.8378,1.0076,0.8676999999999999,29.87,0.2294,0.0492,0.0516,0.0397,0.0628,0.04,0.8868,0.0027,0.9148,0.0628,0.9009,0.064,0.0027,0.9148,0.0969,0.0591,0.008,0.0027,0.0056,0.0139,0.003
2017,66,risaralda,181154,0.868,0.8662000000000001,0.5557,0.8204,0.7563,0.4542,1.007,0.8159000000000001,1.0014,1.1016,0.9284,27.95,0.4025999999999999,0.0482,0.0584,0.0374,0.0639,0.0359,0.8934000000000001,0.0077,0.9219,0.0639,0.9205,0.0584,0.0077,0.9219,0.0959,0.0436,0.024,0.0077,0.0214,0.0342,0.0127
2017,68,santander,398621,0.965,0.9633,0.6375,0.9504,0.8529000000000001,0.5123,1.0772,0.9908,1.106,1.1429,0.9222,29.43,0.3201,0.0266999999999999,0.0374,0.0197,0.0337,0.0250999999999999,0.9127,0.0046,0.9396,0.0337,0.9161,0.0607,0.0046,0.9396,0.0987,0.0588,0.0241,0.0046,0.0192,0.0375,0.0134
2017,70,sucre,197947,0.973,0.972,0.6967,0.9521,0.7617,0.4404999999999999,1.1179,1.3146,1.2105,1.092,0.8412000000000001,23.54,0.4438,0.027,0.0326,0.0217,0.034,0.0229,0.8786,0.0073,0.8889,0.034,0.8931999999999999,0.0943,0.0073,0.8889,0.1318,0.0839,0.0106,0.0073,0.0098,0.0152,0.0063
2017,73,tolima,303140,0.84,0.8391,0.506,0.8139,0.7188,0.4379,0.9439,0.773,0.9977,0.9937,0.7947,27.92,0.2391,0.0293,0.0353,0.0245,0.0365,0.0225,0.9006000000000001,0.0049,0.9231,0.0365,0.9191,0.0701,0.0049,0.9231,0.1098,0.0584,0.0073,0.0049,0.0072,0.0098999999999999,0.0034
2017,76,valle del cauca,873860,0.804,0.8020999999999999,0.4995,0.7637999999999999,0.7103,0.4074,0.9194,0.7576999999999999,0.9377,1.0098,0.7774,28.88,0.4705,0.0371,0.0424,0.0311,0.0448,0.0324,0.8959,0.0084,0.9159,0.0448,0.9198,0.067,0.0084,0.9159,0.1003,0.0478,0.0144999999999999,0.0084,0.0135,0.0192999999999999,0.0078
2017,81,arauca,75197,0.75,0.7502,0.4731,0.7395999999999999,0.584,0.3087,0.866,0.8323999999999999,0.9704,0.8563,0.6225,21.77,0.3581,0.0363,0.039,0.0327999999999999,0.0423,0.0321,0.9631,0.0,0.9672,0.0423,0.9607,0.0007,0.0,0.9672,0.0,0.0073,0.0717,0.0,0.0684999999999999,0.0905,0.0368
2017,85,casanare,88626,0.978,0.9772,0.7103,0.9681,0.8176000000000001,0.4606,1.1268,1.0107,1.2293,1.158,0.8631,26.66,0.1568999999999999,0.0268,0.0298,0.0219,0.0338,0.0231,0.9241,0.0008,0.9405,0.0338,0.9371,0.0491,0.0008,0.9405,0.0789,0.0398,0.0209,0.0008,0.0173,0.0325,0.0138
2017,86,putumayo,91161,0.752,0.7524,0.3901,0.7189,0.6392,0.3363,0.8854000000000001,0.7555,0.93,0.938,0.7340000000000001,27.3,0.1636,0.0574,0.0574,0.0407,0.0798,0.057,0.8812000000000001,0.002,0.9111,0.0798,0.8911,0.0613999999999999,0.002,0.9111,0.0953,0.0519,0.0265,0.002,0.0231,0.0389,0.0168
2017,88,"archipielago de san andres, providencia y santa catalina",15106,0.6779999999999999,0.6764,0.5118,0.6784,0.5969,0.3776,0.7238,0.6706,0.7772,0.7558,0.5557,27.41,0.7917000000000001,0.0115,0.0075,0.0129,0.0113,0.009,0.9788,0.0,0.9809,0.0113,0.986,0.0097,0.0,0.9809,0.0182,0.005,0.0204,0.0,0.0121999999999999,0.0375,0.008
2017,91,amazonas,22269,0.836,0.821,0.4895,0.8056,0.6067,0.3005,0.9656,0.9262,1.08,0.943,0.7221,20.97,0.165,0.0487999999999999,0.0638,0.0306,0.0698,0.0623,0.8745,0.0091,0.9004000000000001,0.0698,0.8658,0.0767,0.0091,0.9004000000000001,0.1101,0.0719,0.0596,0.0091,0.0706,0.0605,0.0242
2017,94,guainia,11965,0.8,0.7998000000000001,0.596,0.7883,0.3661999999999999,0.0882,0.9794,1.1471,1.2349,0.8936,0.421,25.75,0.1667,0.0768,0.0935,0.0613999999999999,0.1036,0.0697,0.7679,0.0791999999999999,0.7842,0.1036,0.7966,0.1553,0.0791999999999999,0.7842,0.1929,0.1336999999999999,0.0313,0.0791999999999999,0.0335,0.0327999999999999,0.0038
2017,95,guaviare,31876,0.55,0.5502,0.2567,0.5329,0.4354,0.2157,0.6759999999999999,0.4869,0.7531,0.71,0.4966,30.37,0.1494,0.0434,0.0613,0.0353,0.0533,0.04,0.9439,0.0,0.9471,0.0533,0.9469,0.0127,0.0,0.9471,0.0076,0.0131,0.0286,0.0,0.0217,0.0476999999999999,0.0169
2017,97,vaupes,12668,0.665,0.6537999999999999,0.2337,0.6539,0.3927,0.1402999999999999,0.7829,0.4508,0.993,0.7408,0.4828,14.71,0.1339,0.08,0.0877,0.0605,0.1168999999999999,0.0785,0.8089,0.0058,0.7981,0.1168999999999999,0.8499,0.1112,0.0058,0.7981,0.0821,0.0715,0.0316,0.0058,0.0356999999999999,0.0338,0.0098
2017,99,vichada,22282,0.779,0.7793000000000001,0.4614999999999999,0.7959,0.3387,0.1491,0.9269,0.8956000000000001,1.3458,0.6413,0.374,21.88,0.377,0.0865,0.0947,0.0797,0.1048,0.074,0.763,0.0063,0.7275,0.1048,0.8512000000000001,0.1505,0.0063,0.7275,0.113,0.0749,0.1173,0.0063,0.1339,0.1182,0.0374
2018,5,antioquia,1147598,0.8472,0.9411,0.6798000000000001,0.9189,0.8129000000000001,0.4382999999999999,1.0839,0.8784000000000001,1.1399,1.1858,0.8545999999999999,,,0.0397,0.0343,0.0318,0.0542,0.0283999999999999,0.8913,0.0019,0.91,0.0542,0.9176,0.0691,0.0019,0.91,0.1005,0.0541,0.0313,0.0019,0.0314,0.0421999999999999,0.0129
2018,8,atlantico,521630,0.9253,0.9134,0.6154,0.8902,0.7655,0.4927,0.9981,0.9311,1.0613,1.0118,0.8504999999999999,,,0.0155,0.0224,0.0149,0.0165,0.0109,0.9357,0.0192,0.9411,0.0165,0.9545,0.0487999999999999,0.0192,0.9411,0.066,0.0346,0.0074,0.0192,0.0078,0.0085,0.0027
2018,11,"bogota, d.c.",1179282,0.7870999999999999,0.9651,0.7065,0.9781,0.8597,0.5600999999999999,1.052,0.9075,1.1039,1.089,0.9318,,,0.0165,0.019,0.0135,0.0200999999999999,0.0153,0.9802,0.0,0.9865,0.0200999999999999,0.9632,0.0033,0.0,0.9865,0.0007,0.0215,0.0033,0.0,0.0024,0.0056999999999999,0.0021
2018,13,bolivar,455784,0.9271,0.986,0.6973999999999999,0.9725,0.7938,0.4417,1.1248,1.1341,1.2442,1.1282,0.8220000000000001,,,0.0275,0.0365,0.0235,0.0319,0.024,0.9031,0.0086,0.9126,0.0319,0.9104,0.0693,0.0086,0.9126,0.0943,0.0655999999999999,0.0382,0.0086,0.0388,0.0443,0.0204999999999999
2018,15,boyaca,234116,0.8354,0.9654,0.7066,0.9285,0.8925,0.5796,1.0684,0.9336,1.0631,1.1566,0.9702,,,0.0207,0.0187999999999999,0.0128,0.0299,0.0207,0.9259,0.0026,0.954,0.0299,0.9275,0.0533999999999999,0.0026,0.954,0.0853999999999999,0.0518,0.0169,0.0026,0.0137,0.0259,0.0101
2018,17,caldas,162391,0.7437999999999999,0.8708,0.6568,0.8301000000000001,0.7781,0.4518999999999999,0.9949,0.8312999999999999,1.0085,1.1068,0.8251999999999999,,,0.0296,0.0299,0.0220999999999999,0.0388,0.0266999999999999,0.9077,0.0070999999999999,0.928,0.0388,0.9255,0.0626999999999999,0.0070999999999999,0.928,0.092,0.0478,0.0335,0.0070999999999999,0.0285,0.0492,0.0186
2018,18,caqueta,98639,0.7314,0.9204,0.5917,0.9089,0.6945999999999999,0.3222,1.0789,0.9656,1.2070999999999998,1.0471,0.8701000000000001,,,0.055,0.0654,0.0461,0.0691,0.0451,0.9262,0.0042,0.938,0.0691,0.9306,0.0187999999999999,0.0042,0.938,0.0256999999999999,0.0243,0.0252,0.0042,0.0250999999999999,0.0336,0.0137
2018,19,cauca,301714,0.8371999999999999,0.8317,0.5516,0.8454999999999999,0.6620999999999999,0.3358,1.0003,0.9272,1.0843,1.036,0.7745000000000001,,,0.0258,0.0225,0.0172,0.0377,0.0289,0.9033,0.0092,0.914,0.0377,0.91,0.0709,0.0092,0.914,0.0916,0.0611,0.0097,0.0092,0.0081,0.0152,0.0043
2018,20,cesar,288411,1.0141,0.9073,0.5881000000000001,0.878,0.7127,0.3994,1.0199,1.0352,1.139,0.9955,0.7509,,,0.0398,0.0524,0.0373,0.0445,0.0250999999999999,0.9035,0.0087,0.9151,0.0445,0.9194,0.0567999999999999,0.0087,0.9151,0.0828,0.0556,0.0124,0.0087,0.0106,0.017,0.008
2018,23,cordoba,386239,0.8795000000000001,0.9472,0.5831000000000001,0.9071,0.7820999999999999,0.4356,1.0832,1.0429000000000002,1.1557,1.1183,0.8517,,,0.0223,0.0299,0.0162,0.0289999999999999,0.0215,0.9381,0.0058,0.9503,0.0289999999999999,0.932,0.0395999999999999,0.0058,0.9503,0.0538999999999999,0.0465,0.0289,0.0058,0.0297,0.0345,0.0154
2018,25,cundinamarca,547875,0.9249,0.9791,0.67,0.9858,0.8640000000000001,0.5034000000000001,1.0872,0.9731,1.14,1.1594,0.8818,,,0.0289,0.0359,0.0209,0.0389,0.0233,0.9211,0.0074,0.9456,0.0389,0.9264,0.05,0.0074,0.9456,0.078,0.0503,0.0210999999999999,0.0074,0.016,0.0334,0.0113999999999999
2018,27,choco,143975,0.7981,0.8095,0.5599000000000001,0.8173999999999999,0.5112,0.2321,0.9811,0.9695,1.1923,0.8584999999999999,0.6701,,,0.0316,0.035,0.0262,0.042,0.0285,0.8771,0.0006,0.8762000000000001,0.042,0.9167,0.0913,0.0006,0.8762000000000001,0.1198,0.0548,0.0129,0.0006,0.0191,0.0072,0.0024
2018,41,huila,242238,0.8504,0.9428,0.7097,0.924,0.8128,0.4475,1.0628,0.9963,1.1157,1.1277,0.8325,,,0.0421,0.0338,0.0276,0.065,0.0371,0.861,0.0028,0.9022,0.065,0.8717,0.0969,0.0028,0.9022,0.157,0.0911,0.0263,0.0028,0.0249,0.0378,0.0127
2018,44,la guajira,237991,0.7772,0.9055,0.6637000000000001,0.9009,0.5654,0.2325,1.0372,1.151,1.2969,0.9159,0.5138,,,0.0277,0.036,0.0245,0.0337,0.016,0.9301,0.0052,0.9272,0.0337,0.9496,0.0421999999999999,0.0052,0.9272,0.0458,0.0344,0.0475,0.0052,0.0579,0.0409999999999999,0.0129
2018,47,magdalena,317652,0.9521,0.9769,0.6236,0.917,0.7392,0.4065999999999999,1.1566,1.1854,1.2519,1.1716,0.8663,,,0.0326,0.0363,0.0293,0.037,0.0294,0.9358,0.0066,0.9409,0.037,0.9438,0.0315,0.0066,0.9409,0.0419,0.0266999999999999,0.017,0.0066,0.0171,0.0196,0.0065
2018,50,meta,218707,0.903,0.9251,0.6524,0.9104,0.7831,0.4329,1.0413,0.9306,1.1108,1.0807,0.8491,,,0.0447,0.0579999999999999,0.0353,0.0575,0.0352,0.8965000000000001,0.0015,0.9243,0.0575,0.913,0.0588,0.0015,0.9243,0.0972,0.0518,0.0089,0.0015,0.0069,0.0143,0.0054
2018,52,narino,314579,0.6788,0.8454,0.4904,0.8181999999999999,0.6966,0.356,0.9898,0.7938,1.077,1.0588,0.7498999999999999,,,0.0134,0.0092,0.0079,0.0212,0.0138,0.9542,0.0056,0.9633,0.0212,0.9607,0.0324,0.0056,0.9633,0.0444,0.0255,0.0294,0.0056,0.0255,0.0429,0.0152
2018,54,norte de santander,307526,0.9358,0.9162,0.6587999999999999,0.9176,0.745,0.4056,1.0628,0.9689,1.1239,1.1057,0.8761,,,0.0395,0.0492,0.0336,0.047,0.0349,0.9055,0.004,0.9265,0.047,0.9017,0.055,0.004,0.9265,0.086,0.0634,0.0141,0.004,0.0135,0.0194,0.0081
2018,63,quindio,83383,0.7615000000000001,0.9835,0.6793,0.9526,0.8906000000000001,0.5466,1.1083,0.9788,1.1174,1.2246,0.931,,,0.0417,0.0471,0.0318,0.0538999999999999,0.0345,0.8917,0.0043,0.923,0.0538999999999999,0.9052,0.0667,0.0043,0.923,0.1027,0.0602,0.0108,0.0043,0.0086,0.0166,0.0063
2018,66,risaralda,157477,0.8617,0.984,0.696,0.9623,0.8442000000000001,0.4919,1.1409,0.9971,1.163,1.2334,0.9813,,,0.0423,0.0481,0.0341,0.0553,0.0296,0.8874,0.0096,0.9134,0.0553,0.9125,0.0704,0.0096,0.9134,0.1079,0.0579,0.0076,0.0096,0.0081999999999999,0.0096,0.003
2018,68,santander,401463,0.9779,0.9606,0.6751,0.9488,0.8382999999999999,0.4963,1.0808,1.0194,1.1116,1.1307,0.9405,,,0.032,0.0424,0.0241,0.0409999999999999,0.027,0.8946,0.0045,0.9315,0.0409999999999999,0.8996,0.0733999999999999,0.0045,0.9315,0.1229,0.0735,0.0173,0.0045,0.0143,0.0271,0.0070999999999999
2018,70,sucre,201443,0.9808,0.9599,0.7216,0.9533,0.7531,0.4167,1.1042,1.3219999999999998,1.2135,1.072,0.8024,,,0.0278,0.0342,0.0216,0.0362,0.0224,0.8736,0.0133,0.8893000000000001,0.0362,0.8903,0.0986,0.0133,0.8893000000000001,0.1413,0.0873,0.0128,0.0133,0.0128,0.0173,0.0077
2018,73,tolima,255496,0.8388,0.9854,0.7209,0.982,0.8351000000000001,0.4672,1.1066,1.0433,1.2025,1.1505,0.8384999999999999,,,0.0302,0.0354,0.0237,0.0389,0.0248,0.9056,0.0034999999999999,0.9292,0.0389,0.9204,0.0642,0.0034999999999999,0.9292,0.1005,0.0548,0.0084,0.0034999999999999,0.0084,0.0111,0.0040999999999999
2018,76,valle del cauca,861316,0.7927,0.8036,0.5398,0.7619,0.7145,0.402,0.9187,0.7867000000000001,0.9292,1.0116,0.7731,,,0.0326,0.0383,0.0274,0.0399,0.0249,0.8922,0.005,0.9163,0.0399,0.9117,0.0751999999999999,0.005,0.9163,0.1135999999999999,0.0634,0.011,0.005,0.0106,0.0144,0.0059
2018,81,arauca,60962,0.7702,0.9493,0.6165999999999999,0.9381,0.7465,0.3666,1.1221,1.0346,1.2912,1.1095,0.7673000000000001,,,0.0263,0.0283,0.0220999999999999,0.0332,0.0235,0.9729,0.0,0.9779,0.0332,0.968,0.0008,0.0,0.9779,0.0,0.0086,0.0446,0.0,0.0408,0.0653,0.0191
2018,85,casanare,92859,0.9681,0.9305,0.7143,0.9101,0.7886,0.4409,1.043,0.9628,1.0897,1.1124,0.8301999999999999,,,0.0269,0.0308,0.0212,0.0347,0.0231,0.9077,0.0056999999999999,0.9326,0.0347,0.9233,0.0654,0.0056999999999999,0.9326,0.1081,0.0536,0.02,0.0056999999999999,0.0200999999999999,0.0283999999999999,0.0063
2018,86,putumayo,80972,0.75,0.8428,0.4565999999999999,0.8070999999999999,0.7104,0.3659,0.9655,0.8408,1.0134,1.0424,0.7587999999999999,,,0.0521,0.0486,0.0359,0.0737,0.0527,0.8687999999999999,0.0068,0.9049,0.0737,0.871,0.079,0.0068,0.9049,0.1204,0.0762999999999999,0.0215,0.0068,0.0178,0.0324,0.0124
2018,88,"archipielago de san andres, providencia y santa catalina",10853,0.6734,0.934,0.6869,0.9296,0.8423,0.509,0.9993,0.9231,1.056,1.0841,0.7304,,,0.0197,0.0161,0.0247,0.018,0.0070999999999999,0.9379,0.0,0.9493,0.018,0.9551,0.0425,0.0,0.9493,0.075,0.0378,0.0231,0.0,0.0220999999999999,0.0335,0.0051
2018,91,amazonas,22257,0.8112999999999999,0.8146,0.4599,0.7833,0.6151,0.3151,0.9504,0.8323,1.037,0.9652,0.7354,,,0.0487,0.0530999999999999,0.0308999999999999,0.0718,0.0602,0.9117,0.0007,0.9195,0.0718,0.8998,0.0395999999999999,0.0007,0.9195,0.0336,0.04,0.0412,0.0007,0.0455,0.0461,0.0149
2018,94,guainia,15766,0.8164,0.6228,0.4639999999999999,0.6195,0.2893,0.0679,0.7705,0.8326,0.9608,0.6866,0.3872,,,0.0713999999999999,0.0988,0.0553,0.0982,0.0547,0.7764,0.0525,0.7781999999999999,0.0982,0.8569,0.1522,0.0525,0.7781999999999999,0.1734,0.0883999999999999,0.0508,0.0525,0.0591,0.0409999999999999,0.0209
2018,95,guaviare,21118,0.557,0.8461,0.4244,0.821,0.665,0.3114,1.0508,0.7529,1.2245,1.0643,0.7313,,,0.0336,0.0401,0.0258,0.0463,0.0263,0.8778,0.0144,0.9049,0.0463,0.8875,0.0886,0.0144,0.9049,0.1359,0.0862,0.0346,0.0144,0.0346,0.0447,0.0175
2018,97,vaupes,15363,0.6164000000000001,0.5079,0.2282,0.5112,0.3054,0.1134999999999999,0.5979,0.3718,0.7444,0.5561,0.3975999999999999,,,0.0388,0.0493,0.0313,0.0493,0.0465,0.8538,0.0163999999999999,0.8537,0.0493,0.8543999999999999,0.1074,0.0163999999999999,0.8537,0.1122,0.0991,0.0226,0.0163999999999999,0.0258,0.0233,0.0075
2018,99,vichada,32951,0.7813,0.5374,0.3074,0.5668,0.2405999999999999,0.0935999999999999,0.6192,0.5367999999999999,0.9098,0.4377,0.2453,,,0.0713999999999999,0.0739,0.0652,0.0899,0.0596999999999999,0.7525,0.0,0.7071999999999999,0.0899,0.8806,0.176,0.0,0.7071999999999999,0.123,0.0596999999999999,0.0562,0.0,0.0728,0.0363,0.0101
2019,5,antioquia,1149985,0.94,0.9383,0.6786,0.9024,0.826,0.4503999999999999,1.0757,0.8763,1.0935,1.2021,0.8835,,,0.0401999999999999,0.0373,0.0329,0.0533,0.0295,0.8837999999999999,0.0018,0.9073,0.0533,0.9137,0.0759,0.0018,0.9073,0.1156,0.0567999999999999,0.0319,0.0018,0.0292,0.0465,0.0137
2019,8,atlantico,533666,0.9207,0.9169,0.6269,0.8936,0.7694,0.4895,1.002,0.9431,1.0654,1.0206,0.84,,,0.0126,0.0172,0.0128,0.0126,0.009,0.9291,0.0126,0.9388,0.0126,0.9478,0.0583,0.0126,0.9388,0.0863,0.0432,0.01,0.0126,0.0106,0.0118,0.0042
2019,11,"bogota, d.c.",1181531,0.9682,0.963,0.6911,0.9622,0.8752,0.5549000000000001,1.0493,0.8809999999999999,1.0898,1.1095,0.9209,,,0.016,0.0212,0.0138,0.0182,0.0141,0.975,0.0003,0.9808,0.0182,0.9625,0.009,0.0003,0.9808,0.0098,0.0233999999999999,0.0262,0.0003,0.0226,0.0398,0.0144
2019,13,bolivar,461988,0.9944,0.9933,0.6767,0.9781,0.8064,0.4543,1.1239,1.1017,1.2035,1.1694,0.8478,,,0.0299,0.0401,0.0263,0.0342,0.0237999999999999,0.905,0.0081999999999999,0.9167,0.0342,0.9158,0.0650999999999999,0.0081999999999999,0.9167,0.0925,0.0604,0.0359,0.0081999999999999,0.0352,0.0474,0.0207
2019,15,boyaca,234368,0.966,0.9651,0.6907,0.9204,0.9011,0.5932999999999999,1.0844,0.9055,1.0485,1.2016,1.023,,,0.0204999999999999,0.0203,0.0129,0.0279999999999999,0.0226,0.9202,0.0023,0.9523,0.0279999999999999,0.9226,0.0593,0.0023,0.9523,0.0975,0.0548,0.0192,0.0023,0.0141,0.03,0.0124
2019,17,caldas,161892,0.8598,0.8588,0.6461,0.8079000000000001,0.7745000000000001,0.4642,0.9769,0.8251000000000001,0.9549,1.1008,0.8593999999999999,,,0.0331,0.0282,0.0266999999999999,0.0432,0.027,0.8901,0.0053,0.9188,0.0432,0.9123,0.0768,0.0053,0.9188,0.1195,0.0607,0.0366999999999999,0.0053,0.0304,0.0542,0.022
2019,18,caqueta,98675,0.9052,0.9049,0.578,0.892,0.6856,0.3358,1.0549,0.9007,1.1506999999999998,1.0418,0.9147,,,0.0532,0.0644,0.0467999999999999,0.0626,0.0445,0.9263,0.0040999999999999,0.934,0.0626,0.9303,0.0204999999999999,0.0040999999999999,0.934,0.0250999999999999,0.0253,0.026,0.0040999999999999,0.027,0.0327999999999999,0.0112
2019,19,cauca,299016,0.8442000000000001,0.8439,0.5449,0.8523000000000001,0.6878,0.3642,1.007,0.9074,1.0693,1.0426,0.841,,,0.0278,0.0258,0.0186,0.0383,0.0362,0.9065,0.0065,0.92,0.0383,0.911,0.0655999999999999,0.0065,0.92,0.0894,0.0528,0.013,0.0065,0.0105,0.0197999999999999,0.0098999999999999
2019,20,cesar,296234,0.9077,0.9057,0.56,0.8823000000000001,0.7140000000000001,0.4008,1.0206,0.9946,1.1213,1.0239,0.764,,,0.0411,0.0558,0.0387,0.0454,0.0263,0.8908,0.0092,0.9054,0.0454,0.9076,0.0681,0.0092,0.9054,0.1006,0.0661,0.0107,0.0092,0.0086,0.0155,0.0073
2019,23,cordoba,387454,0.9423,0.9416,0.5489999999999999,0.8917,0.7923,0.4526,1.0757,1.0047,1.1384,1.1284999999999998,0.8473999999999999,,,0.0264,0.0395,0.0202,0.0321,0.0247,0.936,0.0085,0.9459,0.0321,0.9332,0.0375999999999999,0.0085,0.9459,0.0475,0.042,0.0342,0.0085,0.0336,0.0429,0.0208
2019,25,cundinamarca,570377,0.9614,0.9586,0.6593000000000001,0.9463,0.8595999999999999,0.497,1.0607,0.9354,1.0927,1.1463,0.8808,,,0.0302,0.0372,0.0222,0.04,0.0250999999999999,0.9168,0.0067,0.9429,0.04,0.9289,0.053,0.0067,0.9429,0.0857,0.0458999999999999,0.0174,0.0067,0.0133,0.0276,0.0081999999999999
2019,27,choco,143999,0.8264,0.8264,0.5313,0.8412999999999999,0.5338,0.2392,1.0324,0.9152,1.2417,0.941,0.7249,,,0.0279999999999999,0.0322,0.0231,0.0373,0.0233999999999999,0.8845999999999999,0.0008,0.8847,0.0373,0.9246,0.0874,0.0008,0.8847,0.1135999999999999,0.0521,0.0108,0.0008,0.0153,0.0070999999999999,0.0026
2019,41,huila,242194,0.942,0.9412,0.6848000000000001,0.9218,0.8134999999999999,0.4583,1.053,0.9737,1.0996,1.1303,0.8195999999999999,,,0.0448,0.039,0.0287,0.0696,0.0375,0.8586,0.0034999999999999,0.9039,0.0696,0.8742,0.0967,0.0034999999999999,0.9039,0.16,0.0883,0.0283999999999999,0.0034999999999999,0.0231,0.0441999999999999,0.0187
2019,44,la guajira,245778,0.9292,0.9286,0.7201000000000001,0.9302,0.5799,0.2507999999999999,1.0371,1.1296,1.2679,0.9402,0.5434,,,0.0250999999999999,0.0331,0.0232,0.0273,0.0194,0.9327,0.0087,0.9329,0.0273,0.9489,0.0421,0.0087,0.9329,0.0532,0.0317,0.0359,0.0087,0.044,0.0326,0.0084
2019,47,magdalena,323546,0.9749,0.9727,0.6186,0.9183,0.7384000000000001,0.4103,1.1432,1.1709,1.218,1.1706,0.8825,,,0.035,0.0425,0.0299,0.0403,0.0333,0.9368,0.0063,0.9442,0.0403,0.9445,0.0283,0.0063,0.9442,0.0391,0.0223,0.0153,0.0063,0.0161,0.0166,0.0060999999999999
2019,50,meta,218194,0.9359,0.9351,0.6464,0.9163,0.7983,0.4499,1.0715,0.9458,1.1022,1.0971,1.0067,,,0.0397,0.0528,0.0326,0.049,0.031,0.9099,0.001,0.9315,0.049,0.9239,0.0504,0.001,0.9315,0.0810999999999999,0.0451,0.0103,0.001,0.0078,0.0171,0.0055
2019,52,narino,309763,0.84,0.8395,0.5302,0.7987000000000001,0.6944,0.38,0.9835,0.7968999999999999,1.0373,1.063,0.7943000000000001,,,0.0144999999999999,0.0116,0.0096,0.021,0.0153,0.9585,0.0029,0.9699,0.021,0.9587,0.027,0.0029,0.9699,0.0401,0.026,0.0323,0.0029,0.0281,0.048,0.0159
2019,54,norte de santander,318252,0.9225,0.9218,0.6442,0.9115,0.7609,0.4186999999999999,1.0649,0.9294,1.1114,1.1131,0.9228,,,0.0325,0.0426,0.0297,0.0361,0.0258,0.9056,0.0085,0.9243,0.0361,0.9096,0.0619,0.0085,0.9243,0.0956,0.0646,0.0137,0.0085,0.0134,0.0183,0.0077
2019,63,quindio,83130,0.9677,0.9673,0.6976,0.934,0.8785,0.5361,1.0923,0.9802,1.0984,1.2002,0.9302,,,0.0394,0.0344,0.0308999999999999,0.0504999999999999,0.0364,0.8813,0.0027,0.9147,0.0504999999999999,0.8953,0.0793,0.0027,0.9147,0.1246,0.0683,0.0104,0.0027,0.0073,0.0163999999999999,0.0075
2019,66,risaralda,156174,0.9914,0.9888,0.6978,0.9557,0.8625,0.5047,1.1485,0.9996,1.143,1.2575,1.0221,,,0.0499,0.0583,0.0378,0.0668,0.0373,0.8859999999999999,0.0081,0.9166,0.0668,0.9146,0.0641,0.0081,0.9166,0.102,0.0481,0.0116,0.0081,0.0091,0.019,0.0045
2019,68,santander,405798,0.9638,0.962,0.6764,0.9458,0.847,0.4996,1.0683,1.0052,1.0933,1.1434,0.8926000000000001,,,0.0301,0.0385,0.0241,0.0379,0.0227,0.8953,0.0046,0.9303,0.0379,0.9047,0.0747,0.0046,0.9303,0.1242,0.0726,0.0191,0.0046,0.0149,0.0296,0.0116999999999999
2019,70,sucre,203411,0.9593,0.9588,0.6835,0.9494,0.7635,0.419,1.0896,1.2739,1.1679000000000002,1.0863,0.8184,,,0.03,0.0366999999999999,0.0237999999999999,0.0385999999999999,0.0233,0.8791,0.0098999999999999,0.8948,0.0385999999999999,0.9001,0.0909,0.0098999999999999,0.8948,0.1321,0.0766,0.0116999999999999,0.0098999999999999,0.0105,0.0173,0.0069
2019,73,tolima,251347,0.992,0.991,0.7223,0.9758,0.8503000000000001,0.4877,1.1063,1.0532,1.165,1.1744,0.8682,,,0.037,0.0435,0.0294,0.048,0.0277,0.8984000000000001,0.0027,0.9251,0.048,0.9165,0.0645,0.0027,0.9251,0.1025,0.0559,0.0075,0.0027,0.0076,0.0098999999999999,0.0034
2019,76,valle del cauca,854243,0.8168000000000001,0.8146,0.5595,0.7670999999999999,0.7269,0.4195,0.9262,0.7813,0.9239,1.0253,0.8057,,,0.0392,0.0475,0.0336,0.047,0.0298,0.8884000000000001,0.0070999999999999,0.9113,0.047,0.9121,0.0725,0.0070999999999999,0.9113,0.108,0.0581,0.0116999999999999,0.0070999999999999,0.0106,0.0163999999999999,0.0060999999999999
2019,81,arauca,64095,0.9309,0.9306,0.5817,0.9177,0.7322,0.3731,1.0649,0.994,1.1596,1.0903,0.8099,,,0.0401999999999999,0.0498,0.0366,0.0473,0.0246,0.9531,0.0012,0.9573,0.0473,0.9665,0.0067,0.0012,0.9573,0.0085,0.0089,0.0382,0.0012,0.037,0.051,0.0189
2019,85,casanare,93431,0.9346,0.9343,0.6920999999999999,0.9144,0.809,0.4498,1.0468000000000002,0.9471,1.0783,1.1391,0.8355,,,0.0301,0.0395999999999999,0.0266999999999999,0.0354,0.0207,0.9013,0.0026,0.9248,0.0354,0.9296,0.0686,0.0026,0.9248,0.1152,0.0496999999999999,0.019,0.0026,0.017,0.0291,0.0064
2019,86,putumayo,80890,0.8482999999999999,0.8482999999999999,0.4843,0.8112999999999999,0.7212000000000001,0.3716,0.9673,0.852,1.0014,1.0588,0.7606999999999999,,,0.0538999999999999,0.0581,0.0371,0.0732,0.0572,0.857,0.0058,0.8975,0.0732,0.8549,0.0891,0.0058,0.8975,0.1368,0.0878999999999999,0.0189,0.0058,0.0136,0.0299,0.0154
2019,88,"archipielago de san andres, providencia y santa catalina",11002,0.9192,0.9187,0.7312000000000001,0.9097,0.8212999999999999,0.4997,0.9859,0.8856999999999999,1.0361,1.0651000000000002,0.755,,,0.0208,0.0131,0.0208,0.0243999999999999,0.0149,0.8864,0.0081999999999999,0.9151,0.0243999999999999,0.9032,0.0928,0.0081999999999999,0.9151,0.1521,0.0819,0.0385999999999999,0.0081999999999999,0.0335,0.0608,0.0096
2019,91,amazonas,22435,0.8140000000000001,0.8140000000000001,0.5318999999999999,0.789,0.6064,0.2973,0.9556,0.9908,1.0343,0.9595,0.7041,,,0.0417,0.064,0.0276,0.0516999999999999,0.0603,0.8823000000000001,0.0039,0.911,0.0516999999999999,0.8384999999999999,0.076,0.0039,0.911,0.113,0.1013,0.0707,0.0039,0.0636,0.0953999999999999,0.0654
2019,94,guainia,15808,0.6626000000000001,0.6626000000000001,0.4864,0.6718999999999999,0.3146,0.0868999999999999,0.8077,0.8779,1.0039,0.7192000000000001,0.4229,,,0.057,0.0634,0.0458,0.0747,0.0695,0.7865000000000001,0.03,0.7938,0.0747,0.8456,0.1565,0.03,0.7938,0.2125,0.0849,0.0731,0.03,0.0828999999999999,0.0813,0.036
2019,95,guaviare,21301,0.8311,0.8309000000000001,0.4211,0.7968999999999999,0.6844,0.3038,1.0082,0.7711,1.0968,1.0947,0.7290000000000001,,,0.0447,0.0667,0.04,0.0495,0.0337,0.8803,0.0069,0.9054,0.0495,0.8929,0.075,0.0069,0.9054,0.1206,0.0735,0.0163999999999999,0.0069,0.0169,0.0218,0.004
2019,97,vaupes,15675,0.5233,0.5233,0.2263,0.5502,0.2999,0.1308,0.6103999999999999,0.3340999999999999,0.7791,0.5611999999999999,0.4025999999999999,,,0.0304,0.0482,0.018,0.0508,0.0329,0.9008,0.0023,0.9185,0.0508,0.882,0.0688,0.0023,0.9185,0.0852,0.085,0.0371,0.0023,0.0403,0.0437,0.0081999999999999
2019,99,vichada,33198,0.5550999999999999,0.5550999999999999,0.3597999999999999,0.5919,0.25,0.0873,0.6242,0.5764,0.9021,0.4604,0.2392,,,0.0762999999999999,0.07,0.0745,0.0896,0.0478,0.7492,0.0204,0.713,0.0896,0.8631,0.1744,0.0204,0.713,0.1448,0.0892,0.0782,0.0204,0.1066,0.0432,0.0147
2020,5,antioquia,1151149,0.9359,0.9343,0.7025,0.8826,0.8338,0.4745,1.0619,0.8833,1.0536,1.1954,0.9074,,,0.023,0.0223,0.0197999999999999,0.0272,0.0220999999999999,0.8996999999999999,0.0079,0.9219,0.0272,0.9067,0.0773,0.0079,0.9219,0.1146,0.0712,0.0648,0.0079,0.0592,0.0936999999999999,0.0317
2020,8,atlantico,542750,0.9275,0.9238,0.6416,0.8939,0.7867000000000001,0.4982999999999999,1.0038,0.9439,1.0635,1.0176,0.8595999999999999,,,0.0141,0.0139999999999999,0.0146,0.0149,0.01,0.9404,0.0312,0.9441,0.0149,0.9583,0.0455,0.0312,0.9441,0.0588,0.0317,0.0426999999999999,0.0312,0.0398,0.0605,0.0213
2020,11,"bogota, d.c.",1181597,0.9641,0.9589,0.6915,0.9379,0.8906000000000001,0.573,1.0474,0.8590000000000001,1.0607,1.1181,0.9706,,,0.0046,0.0052,0.005,0.0038,0.0055,0.944,0.0042,0.9629,0.0038,0.9212,0.0513999999999999,0.0042,0.9629,0.0751,0.0733,0.0375,0.0042,0.0314,0.0571,0.0227
2020,13,bolivar,466941,0.9891,0.988,0.6616,0.9652,0.818,0.4779,1.104,1.0442,1.177,1.1419,0.8759999999999999,,,0.0203,0.0177,0.0175,0.0252,0.0192999999999999,0.9406,0.024,0.951,0.0252,0.9433,0.0391,0.024,0.951,0.0538,0.0374,0.0592,0.024,0.0599,0.0771,0.0329
2020,15,boyaca,234540,0.9491,0.9484,0.6886,0.9033,0.8976000000000001,0.5871999999999999,1.0367,0.8914,1.0134,1.1345,0.9679,,,0.017,0.0151,0.0104,0.0215,0.0239,0.9055,0.0081,0.9524,0.0215,0.8839,0.0775,0.0081,0.9524,0.1268,0.0922,0.0542,0.0081,0.0381,0.0855,0.0395
2020,17,caldas,161746,0.8465,0.8456999999999999,0.6332,0.7877,0.7679,0.4902,0.9632,0.7987000000000001,0.9236,1.0842,0.8981,,,0.0235,0.0152,0.0172,0.0311,0.0249,0.9289,0.0033,0.9524,0.0311,0.9262,0.0475999999999999,0.0033,0.9524,0.0735,0.0489,0.0648,0.0033,0.0559,0.0966,0.0327
2020,18,caqueta,98602,0.8894,0.8891,0.5746,0.8803,0.6909000000000001,0.3354999999999999,1.0154,0.8918,1.123,1.0189,0.7978000000000001,,,0.0628,0.0527,0.0567,0.0756,0.0576,0.8373999999999999,0.0116999999999999,0.8556999999999999,0.0756,0.8369,0.0998,0.0116999999999999,0.8556999999999999,0.1366,0.1054,0.0419,0.0116999999999999,0.0434,0.0535,0.0208
2020,19,cauca,296813,0.85,0.8497,0.5492,0.8548,0.7004,0.3872,0.9543,0.8861,1.0487,0.9675,0.7406999999999999,,,0.0159,0.0146,0.0106,0.0208,0.024,0.9193,0.0069999999999999,0.9388,0.0208,0.9058,0.0648,0.0069999999999999,0.9388,0.0953999999999999,0.0702,0.0587,0.0069999999999999,0.0605999999999999,0.0773,0.0314
2020,20,cesar,302403,0.8987999999999999,0.8973,0.5665,0.8695999999999999,0.7190000000000001,0.4040999999999999,0.9916,0.9611,1.086,1.0026000000000002,0.7378,,,0.0858,0.0636,0.0596999999999999,0.0636,0.2989,0.8240000000000001,0.0653,0.8737999999999999,0.0636,0.6263000000000001,0.0902,0.0653,0.8737999999999999,0.1335,0.0748,0.0524,0.0653,0.0481,0.074,0.033
2020,23,cordoba,388446,0.9327,0.9321,0.5406,0.8747,0.8012,0.4629999999999999,1.0359,0.9793,1.0822,1.0968,0.8248000000000001,,,0.0254,0.0384,0.0187,0.0295,0.0293,0.9227,0.0431,0.9415,0.0295,0.9207,0.052,0.0431,0.9415,0.0699,0.05,0.0584,0.0431,0.0583,0.0736,0.0375999999999999
2020,25,cundinamarca,592264,0.9368,0.9342,0.6446999999999999,0.9032,0.8608,0.5035000000000001,1.0327,0.8951,1.0347,1.1334,0.8989,,,0.0278,0.0336,0.0233999999999999,0.0293,0.0356,0.9058,0.0161,0.9377,0.0293,0.8918,0.0663,0.0161,0.9377,0.1051,0.0726,0.0529,0.0161,0.0421999999999999,0.0809,0.0304
2020,27,choco,143711,0.8398,0.8397,0.5317000000000001,0.8584,0.5587,0.2601,0.9463,0.9095,1.1695,0.8654999999999999,0.5429999999999999,,,0.0204,0.0163999999999999,0.0157,0.0282,0.0254,0.9172,0.0102,0.9252,0.0282,0.9207,0.0624,0.0102,0.9252,0.0844999999999999,0.0538999999999999,0.0778,0.0102,0.0926,0.0847,0.0316
2020,41,huila,242199,0.9346,0.9338,0.6522,0.9214,0.8178,0.4627,1.0351,0.9173,1.0737,1.1221,0.8225,,,0.0249,0.018,0.0196,0.0332,0.0254,0.8963,0.0027,0.9352,0.0332,0.8815000000000001,0.0788,0.0027,0.9352,0.1355,0.0931,0.0684999999999999,0.0027,0.0569,0.1059,0.0433
2020,44,la guajira,252101,0.9428,0.942,0.7787000000000001,0.9412,0.5887,0.2706,1.0474,1.1718000000000002,1.2628,0.9469,0.5776,,,0.0208,0.0235,0.0222,0.0176,0.0192,0.8911,0.0364,0.889,0.0176,0.915,0.0881,0.0364,0.889,0.1106,0.0658,0.0587,0.0364,0.0679,0.0639,0.0196
2020,47,magdalena,327562,0.9603,0.9583,0.6118,0.904,0.7425,0.4261,1.1091,1.1044,1.171,1.1368,0.8981999999999999,,,0.0387,0.0567999999999999,0.0426,0.0297,0.0364,0.9081,0.0289999999999999,0.9228,0.0297,0.9153,0.0532,0.0289999999999999,0.9228,0.0856,0.0483,0.038,0.0289999999999999,0.0366999999999999,0.0504,0.018
2020,50,meta,217673,0.9391,0.9383,0.6564,0.9098,0.8117,0.4711999999999999,1.0544,0.9193,1.0873,1.0993000000000002,0.9506,,,0.0247,0.0314,0.0225,0.0268,0.0225,0.8706,0.0197999999999999,0.8978,0.0268,0.8779,0.1047,0.0197999999999999,0.8978,0.1549,0.0994999999999999,0.0432,0.0197999999999999,0.0353,0.0677,0.0242
2020,52,narino,305761,0.8415,0.841,0.5501,0.7906,0.6972,0.4100999999999999,0.9739,0.7903,1.0083,1.0522,0.8291,,,0.0175,0.0102,0.0173,0.0203,0.0143,0.8934000000000001,0.0368,0.8994,0.0203,0.9176,0.0891,0.0368,0.8994,0.114,0.0681,0.0467999999999999,0.0368,0.0461,0.0635,0.0235
2020,54,norte de santander,325981,0.9024,0.9016,0.669,0.89,0.7687,0.412,0.9832,0.9361,1.0672,1.0001,0.7629,,,0.0394,0.0403,0.0365,0.0458,0.0308,0.8881999999999999,0.0266999999999999,0.8974,0.0458,0.9082,0.0724,0.0266999999999999,0.8974,0.0948,0.0611,0.0550999999999999,0.0266999999999999,0.0457,0.0825,0.0412999999999999
2020,63,quindio,83129,0.9597,0.9593,0.7149,0.9139,0.8794,0.564,1.0741,0.9638,1.0563,1.1941,0.9409,,,0.0306999999999999,0.0276,0.0256999999999999,0.036,0.0327,0.901,0.0046,0.9322,0.036,0.892,0.0683,0.0046,0.9322,0.1059,0.0753,0.0605999999999999,0.0046,0.0484999999999999,0.0951999999999999,0.0334
2020,66,risaralda,155149,0.989,0.9864,0.6993,0.9452,0.8734999999999999,0.5226,1.1387,0.9811,1.1229,1.2543,1.0275,,,0.0289,0.0262,0.0256,0.0346,0.025,0.8868,0.0278,0.9157,0.0346,0.8842,0.0843,0.0278,0.9157,0.1222,0.0908,0.0541,0.0278,0.0441,0.0828999999999999,0.0291
2020,68,santander,408876,0.9597,0.9583,0.6801,0.9345,0.8552,0.5123,1.0554,0.9558,1.0751,1.1325,0.9052,,,0.0185,0.0196,0.0158,0.0214,0.0191,0.9104,0.0283999999999999,0.9397,0.0214,0.9126,0.071,0.0283999999999999,0.9397,0.1115,0.0684,0.0626,0.0283999999999999,0.047,0.0996,0.0401999999999999
2020,70,sucre,204837,0.9522,0.9517,0.6644,0.9284,0.7720999999999999,0.4307999999999999,1.0793,1.2304000000000002,1.143,1.0976,0.8142,,,0.02,0.0335,0.0136,0.0253,0.0176,0.9243,0.031,0.947,0.0253,0.9248,0.0557,0.031,0.947,0.0834,0.0576,0.0751,0.031,0.0732,0.1051,0.0458999999999999
2020,73,tolima,247605,0.9937,0.9927,0.7066,0.9701,0.8593000000000001,0.5146999999999999,1.1054000000000002,1.0333,1.1467,1.1757,0.9092,,,0.0329,0.0287,0.0289,0.0393,0.0306,0.9022,0.0093999999999999,0.9273,0.0393,0.9079,0.0648,0.0093999999999999,0.9273,0.1016,0.0615,0.0513,0.0093999999999999,0.0438999999999999,0.0776,0.0274
2020,76,valle del cauca,846957,0.8218000000000001,0.8195999999999999,0.5787,0.7711,0.7315,0.4443999999999999,0.9214,0.7898000000000001,0.9109,1.0159,0.8236,,,0.0273,0.0359,0.0259,0.0286,0.0237999999999999,0.9041,0.0187999999999999,0.9243,0.0286,0.9111,0.0686,0.0187999999999999,0.9243,0.0992,0.065,0.0572,0.0187999999999999,0.0504999999999999,0.0831,0.0285
2020,81,arauca,66580,0.9284,0.9281,0.59,0.907,0.7491,0.3732,1.0596,0.9592,1.1678,1.0835,0.7852,,,0.0393,0.0220999999999999,0.0354,0.0482,0.0448,0.8552,0.0401999999999999,0.8763,0.0482,0.8681,0.1055,0.0401999999999999,0.8763,0.1539,0.0871,0.039,0.0401999999999999,0.0348,0.0576999999999999,0.0173
2020,85,casanare,93855,0.9438,0.9435,0.7129000000000001,0.9278,0.8271999999999999,0.4714,1.0495,0.9489,1.0779,1.1383,0.8536,,,0.0210999999999999,0.0214,0.0196,0.0232,0.0199,0.9095,0.0084,0.9357,0.0232,0.9063,0.0694,0.0084,0.9357,0.1128999999999999,0.0738,0.0542999999999999,0.0084,0.0448,0.0878999999999999,0.0237
2020,86,putumayo,80810,0.8442000000000001,0.8441,0.5072,0.8058,0.7306999999999999,0.395,0.9521,0.8377,0.9836,1.0401,0.7585999999999999,,,0.0742,0.0449,0.0584,0.0956,0.0881,0.868,0.0025,0.9059,0.0956,0.8504999999999999,0.0578,0.0025,0.9059,0.0957,0.0613999999999999,0.0681,0.0025,0.0574,0.1017,0.0466
2020,88,"archipielago de san andres, providencia y santa catalina",11169,0.9277,0.9267,0.7745000000000001,0.9069,0.8301000000000001,0.5086999999999999,0.9915,0.9413,1.029,1.075,0.7568,,,0.0141,0.0126,0.013,0.0156,0.0146,0.9177,0.0173,0.9269,0.0156,0.8967,0.0682,0.0173,0.9269,0.0825,0.0886999999999999,0.0867,0.0173,0.0744,0.1291,0.047
2020,91,amazonas,22563,0.8126000000000001,0.8123999999999999,0.5015999999999999,0.7955,0.6021,0.3042,0.9499,0.9051,1.0271,0.9686,0.722,,,0.0237,0.0646,0.0075,0.036,0.0283,0.8872,0.0006,0.9452,0.036,0.7926000000000001,0.0891,0.0006,0.9452,0.151,0.1791,0.1,0.0006,0.1063,0.1225,0.068
2020,94,guainia,15771,0.7051999999999999,0.7051000000000001,0.5592,0.6995999999999999,0.3354,0.1073,0.8391,0.965,1.0558,0.7240000000000001,0.4318,,,0.0353,0.0518,0.0349,0.0313,0.0304,0.8146,0.0416,0.8451000000000001,0.0313,0.795,0.1501,0.0416,0.8451000000000001,0.2457,0.1745,0.105,0.0416,0.1143,0.1399,0.036
2020,95,guaviare,21482,0.8306999999999999,0.8306,0.433,0.7641,0.6779999999999999,0.3428,1.0072,0.8117,1.0318,1.1113,0.8361,,,0.0441,0.0308999999999999,0.0327,0.0581,0.0632,0.8667,0.0125,0.9156,0.0581,0.8331999999999999,0.0892,0.0125,0.9156,0.1558,0.1036,0.0604,0.0125,0.0545,0.0877,0.0337
2020,97,vaupes,15910,0.5347,0.5347,0.3055,0.5496,0.3122,0.1332,0.628,0.4379999999999999,0.7815000000000001,0.5855,0.4097999999999999,,,0.0254,0.0288,0.0210999999999999,0.0279999999999999,0.0409,0.8118000000000001,0.0667,0.7957,0.0279999999999999,0.8114,0.1628,0.0667,0.7957,0.1485999999999999,0.1476,0.0715,0.0667,0.0786,0.0744,0.0508
2020,99,vichada,33298,0.6015,0.6014,0.4353,0.647,0.2673999999999999,0.099,0.6664,0.637,0.9783,0.471,0.2559,,,0.0306999999999999,0.0288,0.0308999999999999,0.033,0.0217,0.8408,0.0006,0.8207,0.033,0.9172,0.1285,0.0006,0.8207,0.1348,0.061,0.1444,0.0006,0.1898,0.0962,0.0393
2021,5,antioquia,1149861,0.9262,0.9245,0.6922,0.8704999999999999,0.828,0.4985,1.0469,0.8554,1.0329000000000002,1.1702,0.9314,,,0.0481,0.0359,0.0426999999999999,0.059,0.0412999999999999,0.8752,0.003,0.8926000000000001,0.059,0.8894,0.0766,0.003,0.8926000000000001,0.1065,0.0693,0.0584,0.003,0.0507,0.0868,0.0302
2021,8,atlantico,546055,0.9393,0.9355,0.6164999999999999,0.897,0.8098000000000001,0.5145000000000001,1.0195999999999998,0.8859999999999999,1.0693,1.0459,0.9109,,,0.0167,0.0215,0.0175,0.0168,0.0103,0.9056,0.0314,0.9134,0.0168,0.9266,0.0778,0.0314,0.9134,0.1033999999999999,0.0632,0.0382,0.0314,0.0375,0.0487999999999999,0.0156
2021,11,"bogota, d,c,",1174274,0.9428,0.938,0.6399,0.8992,0.8919,0.5884,1.0256999999999998,0.7920999999999999,1.0147,1.1135,0.9955,,,0.0129,0.0107,0.0108,0.0135,0.0187999999999999,0.8815000000000001,0.0086,0.9146,0.0135,0.8715,0.1056,0.0086,0.9146,0.1583999999999999,0.1097,0.0329,0.0086,0.0243999999999999,0.052,0.0239
2021,13,bolivar,469046,0.9939,0.993,0.6182,0.9668,0.8348,0.5046,1.1133,0.9214,1.1798,1.1618000000000002,0.9465,,,0.0369,0.0412999999999999,0.0333,0.0426999999999999,0.0313,0.8865000000000001,0.0118,0.8987,0.0426999999999999,0.8889,0.0766,0.0118,0.8987,0.1009999999999999,0.0798,0.0409999999999999,0.0118,0.0369,0.0567,0.0212
2021,15,boyaca,234348,0.9555,0.9548,0.6977,0.8956000000000001,0.9109,0.5926,1.0485,0.8852,1.0158,1.1706,0.9631,,,0.0297,0.0275,0.0213,0.0363,0.0369,0.8805,0.0096,0.9234,0.0363,0.873,0.0898,0.0096,0.9234,0.1394,0.0901,0.0591,0.0096,0.0341,0.0977,0.0486
2021,17,caldas,161737,0.8434,0.8425,0.6305,0.7878000000000001,0.7679,0.5084000000000001,0.9587,0.774,0.9237,1.0648,0.923,,,0.031,0.025,0.0248,0.0392,0.0302,0.902,0.0081,0.9205,0.0392,0.907,0.067,0.0081,0.9205,0.0924,0.0628,0.0446,0.0081,0.0365,0.0670999999999999,0.0276
2021,18,caqueta,98412,0.8673000000000001,0.867,0.5537,0.8621,0.6799,0.3282,0.9751,0.8198000000000001,1.0908,0.9982,0.7140000000000001,,,0.085,0.0562999999999999,0.0756,0.1066,0.0779,0.8281999999999999,0.0084,0.8445,0.1066,0.8397,0.0868,0.0084,0.8445,0.1146,0.0824,0.0759,0.0084,0.0762,0.0984,0.0423
2021,19,cauca,294933,0.8633,0.8628,0.5546,0.8619,0.716,0.4052,0.9767,0.8645,1.0616,1.0032,0.7752,,,0.0302999999999999,0.0210999999999999,0.0202,0.0424,0.0404,0.8833,0.0121,0.9029,0.0424,0.87,0.0864,0.0121,0.9029,0.1144,0.0896,0.0598,0.0121,0.0530999999999999,0.0857,0.0434
2021,20,cesar,305550,0.8920999999999999,0.8904000000000001,0.5313,0.8564,0.725,0.4047,0.988,0.8754000000000001,1.084,1.0153,0.7376,,,0.0243,0.0227,0.0218,0.0285,0.0223,0.8909,0.0154,0.908,0.0285,0.8968,0.0849,0.0154,0.908,0.1214,0.0809,0.0628,0.0154,0.0476999999999999,0.0987,0.0382
2021,23,cordoba,388712,0.9304,0.9295,0.5009,0.8649,0.8055,0.496,1.0367,0.8579000000000001,1.0749,1.1056,0.8923000000000001,,,0.0295,0.0377,0.0232,0.0353,0.0308,0.8941,0.0279,0.9058,0.0353,0.8986,0.0762999999999999,0.0279,0.9058,0.0943,0.0706,0.0481,0.0279,0.0411,0.062,0.0304
2021,25,cundinamarca,610367,0.9084,0.9058,0.6068,0.8595999999999999,0.8479000000000001,0.504,1.0006,0.8359000000000001,0.9903,1.111,0.8909999999999999,,,0.0406,0.0444,0.037,0.0451,0.0374,0.8934000000000001,0.0103,0.9202,0.0451,0.8906000000000001,0.0659,0.0103,0.9202,0.1009999999999999,0.072,0.052,0.0103,0.0359,0.0839,0.0337
2021,27,choco,143120,0.8722,0.8717,0.5185,0.8987999999999999,0.6074,0.291,1.0043,0.8389,1.2019,0.98,0.6231,,,0.0401999999999999,0.0368,0.0314,0.0533999999999999,0.0474,0.8604999999999999,0.0016,0.8751000000000001,0.0533999999999999,0.8683,0.0992,0.0016,0.8751000000000001,0.1349,0.0843,0.0588999999999999,0.0016,0.0645,0.0693,0.0337
2021,41,huila,242129,0.938,0.9373,0.6434000000000001,0.9329,0.8220999999999999,0.4819,1.0413,0.8798999999999999,1.0820999999999998,1.123,0.8554999999999999,,,0.0617999999999999,0.0366999999999999,0.0492,0.0837,0.0617,0.8398,0.0022,0.8737,0.0837,0.8425,0.0984,0.0022,0.8737,0.1475,0.0958,0.0523,0.0022,0.0377,0.0852999999999999,0.0423
2021,44,la guajira,255513,0.9946,0.9935,0.7915000000000001,1.0004,0.6089,0.2793,1.1161,1.1714,1.3724,0.9857,0.6302,,,0.0206,0.019,0.0206,0.0223,0.0162,0.8912,0.0195,0.8864,0.0223,0.9079,0.0882,0.0195,0.8864,0.1052,0.076,0.0608999999999999,0.0195,0.0699,0.064,0.0277
2021,47,magdalena,328343,0.9715,0.969,0.6003000000000001,0.9135,0.7568,0.4334,1.1269,1.0614,1.1857,1.1551,0.9537,,,0.0207,0.016,0.0178,0.0237999999999999,0.0263,0.9446,0.0118,0.9572,0.0237999999999999,0.9293,0.0347,0.0118,0.9572,0.0501,0.0444,0.0308999999999999,0.0118,0.0256999999999999,0.0424,0.0177
2021,50,meta,216914,0.9437,0.9428,0.6507,0.9062,0.8170999999999999,0.4795,1.0594,0.8978,1.0886,1.1123,0.9618,,,0.044,0.036,0.0436,0.0475999999999999,0.0393,0.86,0.0053,0.8837,0.0475999999999999,0.8640000000000001,0.096,0.0053,0.8837,0.1427999999999999,0.0967,0.0619,0.0053,0.0544,0.0906,0.0361
2021,52,narino,302506,0.835,0.8343,0.5518,0.7817000000000001,0.6947,0.4292,0.9669,0.7471,0.9917,1.0361,0.8761,,,0.0223,0.0146,0.0139999999999999,0.0314,0.0287,0.9183,0.0093999999999999,0.9314,0.0314,0.9224,0.0594,0.0093999999999999,0.9314,0.0786,0.0487999999999999,0.0666,0.0093999999999999,0.0641,0.09,0.0351
2021,54,norte de santander,328034,0.9206,0.92,0.6557999999999999,0.8954000000000001,0.7923,0.4463,1.0177,0.8992,1.0791,1.0419,0.8745,,,0.0409999999999999,0.0364,0.0383,0.0467999999999999,0.0375,0.8756999999999999,0.0139999999999999,0.8953,0.0467999999999999,0.8775,0.0833,0.0139999999999999,0.8953,0.1207,0.085,0.039,0.0139999999999999,0.031,0.0592,0.0279
2021,63,quindio,83299,0.9472,0.9464,0.7034,0.9025,0.8673000000000001,0.57,1.0515,0.9207,1.0396,1.1564,0.943,,,0.062,0.0588999999999999,0.0579,0.07,0.0546,0.871,0.0023,0.8931,0.07,0.8789,0.067,0.0023,0.8931,0.0999,0.0666,0.0444,0.0023,0.032,0.0719,0.03
2021,66,risaralda,154342,0.9933,0.9907,0.6807,0.9464,0.887,0.5418,1.1487,0.9507,1.1351,1.2584,1.0637,,,0.0465,0.0426999999999999,0.04,0.0566,0.0412999999999999,0.8778,0.0093999999999999,0.8983,0.0566,0.8909999999999999,0.0757,0.0093999999999999,0.8983,0.1072,0.0677,0.0433,0.0093999999999999,0.0346,0.0633,0.0317
2021,68,santander,409198,0.9605,0.9589,0.6785,0.9303,0.8689,0.5329999999999999,1.0658,0.9226,1.0629,1.1352,1.006,,,0.04,0.0389,0.0375999999999999,0.046,0.0318,0.8748999999999999,0.0077,0.9095,0.046,0.8797,0.0851,0.0077,0.9095,0.1368,0.0885,0.0447,0.0077,0.0305,0.0745,0.0291
2021,70,sucre,205082,0.955,0.9546,0.6394,0.9224,0.7867000000000001,0.4528,1.0854,1.115,1.1408,1.117,0.8714,,,0.0250999999999999,0.0236,0.0217,0.0302999999999999,0.0237999999999999,0.8981999999999999,0.0107,0.9121,0.0302999999999999,0.9004000000000001,0.0767,0.0107,0.9121,0.107,0.0758,0.0397,0.0107,0.0297,0.0603,0.0338
2021,73,tolima,244021,1.0121,1.0113,0.7254999999999999,0.9801,0.8841,0.5361,1.1246,1.0179,1.1629,1.2011,0.937,,,0.0503,0.0423,0.0441999999999999,0.0622,0.0414,0.8743000000000001,0.0031,0.8966,0.0622,0.8822,0.0754,0.0031,0.8966,0.108,0.0764,0.042,0.0031,0.0326,0.066,0.0256
2021,76,valle del cauca,839566,0.8186,0.8167,0.5521,0.7654000000000001,0.7248,0.4788,0.9214,0.7333,0.907,1.004,0.884,,,0.0453,0.0455999999999999,0.0445,0.0493,0.0368,0.8715999999999999,0.0104,0.8867,0.0493,0.8872,0.0831,0.0104,0.8867,0.1148,0.0761,0.0475999999999999,0.0104,0.0406,0.0692,0.0279999999999999
2021,81,arauca,67759,0.9394,0.9388,0.6338,0.914,0.7478,0.3753,1.078,0.9773,1.1953,1.0896,0.8015000000000001,,,0.0331,0.0299,0.0332,0.0351,0.0278,0.9354,0.0074,0.9416,0.0351,0.939,0.0315,0.0074,0.9416,0.0472,0.0332,0.0667,0.0074,0.0567,0.1023,0.038
2021,85,casanare,93896,0.9467,0.9463,0.6784,0.933,0.8270000000000001,0.4939,1.0584,0.8663,1.1057,1.1443,0.8668,,,0.0461,0.0334,0.0393,0.0565,0.0489,0.8647,0.0077,0.8998,0.0565,0.8473,0.0892,0.0077,0.8998,0.1368,0.1038,0.0626,0.0077,0.0496999999999999,0.0992,0.0372
2021,86,putumayo,80699,0.8459,0.8456999999999999,0.512,0.8181,0.7259,0.3964,0.9622,0.8067,1.0099,1.0392,0.7705,,,0.1027999999999999,0.0726,0.086,0.1318,0.0968,0.823,0.0042,0.8615,0.1318,0.8347,0.0742,0.0042,0.8615,0.1168999999999999,0.0684999999999999,0.0487,0.0042,0.0351,0.0789,0.0358
2021,88,"archipielago de san andres, providencia y santa catalina",11312,0.9088,0.9082,0.7045999999999999,0.88,0.8312,0.5105,0.9669,0.8244,0.9933,1.0699,0.7695000000000001,,,0.0070999999999999,0.005,0.0034,0.0093999999999999,0.0144999999999999,0.9103,0.0017,0.9263,0.0093999999999999,0.8839,0.0825999999999999,0.0017,0.9263,0.1065,0.1015,0.0415,0.0017,0.0401999999999999,0.0462,0.0484
2021,91,amazonas,22670,0.8203,0.8195999999999999,0.5513,0.8129000000000001,0.5936,0.2798,0.9593,0.8818,1.0391,0.9903,0.7202,,,0.0504,0.0693,0.0331,0.0650999999999999,0.0738,0.8604,0.0044,0.8837,0.0650999999999999,0.8138,0.0892,0.0044,0.8837,0.1128,0.1124,0.1476,0.0044,0.0943,0.2522,0.1639
2021,94,guainia,15643,0.7805,0.7796,0.5555,0.7739,0.3678,0.1083,0.9244,0.9728,1.1682,0.8255,0.4596,,,0.0867,0.0852999999999999,0.0707,0.109,0.1227999999999999,0.72,0.121,0.7433,0.109,0.7265,0.1932,0.121,0.7433,0.2396,0.1507,0.1023,0.121,0.0894,0.1495,0.0928
2021,95,guaviare,21658,0.8491,0.8479000000000001,0.4456,0.7795000000000001,0.6888,0.3569,1.0064,0.7716,1.0675,1.1145,0.7535,,,0.0729,0.0706,0.0533999999999999,0.0993999999999999,0.08,0.8284,0.0046,0.8687,0.0993999999999999,0.8251999999999999,0.0988,0.0046,0.8687,0.1493,0.0949,0.078,0.0046,0.0572,0.1284,0.0476999999999999
2021,97,vaupes,16081,0.5473,0.5472,0.3092,0.5563,0.3297,0.1282,0.6681999999999999,0.4838,0.7934,0.6639,0.4481,,,0.0418,0.0506,0.0302999999999999,0.0516,0.0691,0.9014,0.0016,0.9258,0.0516,0.8369,0.0567,0.0016,0.9258,0.0781,0.094,0.036,0.0016,0.0274,0.0553,0.0419
2021,99,vichada,33183,0.6544,0.6543000000000001,0.4543999999999999,0.7292000000000001,0.2849,0.1105,0.73,0.6551,1.0757,0.5211,0.2912,,,0.0501999999999999,0.045,0.04,0.0765,0.0617999999999999,0.7756000000000001,0.0006,0.7492,0.0765,0.8375,0.1742,0.0006,0.7492,0.1498,0.1007,0.1113,0.0006,0.1393,0.0904,0.0338
2022,5,antioquia,1134099,0.935,0.9332,0.7312000000000001,0.8854000000000001,0.8183,0.5235,1.0484,0.9227,1.0317,1.1541,0.9423,,,0.0473,0.0436,0.0401,0.06,0.0382,0.871,0.0016,0.8952,0.06,0.8983,0.0817,0.0025,0.8952,0.1249,0.0635,0.0649,0.0025,0.0658,0.0877999999999999,0.0334
2022,8,atlantico,544473,0.944,0.9401,0.6546,0.8956000000000001,0.8009000000000001,0.5305,1.0312,0.9681,1.0621,1.038,0.9715,,,0.0264,0.0341,0.0274,0.0272,0.0157,0.9106,0.0095,0.9151,0.0272,0.9372,0.063,0.0276,0.9151,0.0874,0.0471,0.0591,0.0276,0.0607,0.0744,0.0283999999999999
2022,11,"bogota, d.c.",1150474,0.9389,0.9337,0.634,0.8775,0.8864,0.6204999999999999,1.0187,0.7943000000000001,0.9886,1.1061,1.0361,,,0.0346,0.0414,0.0335,0.0372,0.0279999999999999,0.9055,0.0021,0.9238,0.0372,0.9174,0.0599,0.0029,0.9238,0.0932,0.0546,0.0572,0.0029,0.047,0.0883,0.0345
2022,13,bolivar,464305,1.0032,1.0019,0.6826000000000001,0.9769,0.8289,0.5106,1.1309,1.0412,1.1809,1.168,0.9753,,,0.0401,0.0492,0.0361,0.045,0.0356,0.8881999999999999,0.0037,0.9003,0.045,0.9003,0.0717,0.0177,0.9003,0.1012,0.064,0.0684999999999999,0.0177,0.0737,0.085,0.0356
2022,15,boyaca,234191,0.9395,0.9387,0.7404000000000001,0.8865000000000001,0.877,0.5945,1.0284,0.9475,0.988,1.1317,0.9586,,,0.0289999999999999,0.0302999999999999,0.0209,0.0379,0.0274,0.899,0.0015,0.9325,0.0379,0.9157,0.072,0.0077,0.9325,0.1176,0.0569,0.0761,0.0077,0.0575,0.1181,0.0512
2022,17,caldas,159847,0.8331999999999999,0.8321,0.6536,0.7806000000000001,0.747,0.5096,0.935,0.8288,0.8979,1.0238,0.9015,,,0.0381,0.0379,0.0266,0.0516999999999999,0.0362,0.8859999999999999,0.0036,0.9139,0.0516999999999999,0.9091,0.0759,0.0072,0.9139,0.1168,0.0548,0.06,0.0072,0.0608,0.0810999999999999,0.0313
2022,18,caqueta,97946,0.835,0.8348,0.5727,0.8399,0.6561,0.3297,0.9441,0.8928,1.0557,0.938,0.7018000000000001,,,0.0637,0.0695,0.0558,0.0784,0.0479,0.8748999999999999,0.0029,0.8835,0.0784,0.8998,0.0613999999999999,0.0075,0.8835,0.0794,0.0523,0.0749,0.0075,0.0853999999999999,0.0875,0.0333
2022,19,cauca,295168,0.8576999999999999,0.8573000000000001,0.5959,0.8571,0.7021,0.4039,0.9726,0.9687,1.0338,0.99,0.795,,,0.0395999999999999,0.0353,0.0256,0.0550999999999999,0.0532,0.8895000000000001,0.0076,0.9069,0.0550999999999999,0.8909999999999999,0.0709,0.0104,0.9069,0.0967,0.0558,0.0745,0.0104,0.0788,0.0953,0.0443
2022,20,cesar,308443,0.8794,0.8776999999999999,0.5935,0.8493999999999999,0.7012999999999999,0.4,0.9742,0.9765,1.0591,0.9847,0.7323000000000001,,,0.0602,0.0696,0.053,0.0717,0.047,0.8662000000000001,0.0038,0.8845999999999999,0.0717,0.8865000000000001,0.0737,0.0172,0.8845999999999999,0.1084,0.0665,0.0744,0.0172,0.0762,0.0969,0.0398
2022,23,cordoba,390847,0.9075,0.9066,0.5525,0.8472,0.7664,0.5028,1.0154,0.9781,1.0265,1.0646,0.9075,,,0.0409,0.0526,0.0295,0.0515,0.0424,0.8739,0.012,0.8926000000000001,0.0515,0.8798,0.0852999999999999,0.0339,0.8926000000000001,0.1138,0.0778,0.0751999999999999,0.0339,0.0852999999999999,0.0859,0.0388
2022,25,cundinamarca,583695,0.9646,0.9616,0.6726000000000001,0.9119,0.8869,0.5467,1.0512,0.9584,1.0415,1.1567,0.9138,,,0.0385999999999999,0.0493,0.033,0.0464,0.0282,0.9002,0.0060999999999999,0.9263,0.0464,0.9223,0.0612,0.0121,0.9263,0.1,0.0496,0.0681,0.0121,0.0558,0.1032,0.0401
2022,27,choco,147806,0.845,0.845,0.5604,0.8714,0.5932999999999999,0.2868,1.0206,0.9461,1.1486,1.0288,0.7147,,,0.0366999999999999,0.0369,0.0289,0.0467,0.0437,0.8787999999999999,0.0001,0.8783,0.0467,0.9019,0.0844999999999999,0.0016,0.8783,0.1012,0.0544,0.0905,0.0016,0.1023,0.1069,0.0462
2022,41,huila,247652,0.9187,0.9177,0.6854,0.9296,0.7759,0.4817,1.013,0.9594,1.0608,1.0555,0.8320000000000001,,,0.0513,0.0372,0.0337,0.079,0.0509,0.863,0.001,0.9002,0.079,0.8675,0.0856,0.0017,0.9002,0.1339,0.0816,0.0696,0.0017,0.0684,0.0975,0.0399
2022,44,la guajira,262402,0.9933,0.9925,0.8295,1.0013,0.6036,0.2843,1.1067,1.2549,1.3438,0.9732,0.6376,,,0.0365,0.0407,0.0344,0.0411,0.0291,0.8654000000000001,0.0208,0.865,0.0411,0.897,0.0981,0.0260999999999999,0.865,0.1265,0.0739,0.0977,0.0260999999999999,0.1192,0.0983,0.0343
2022,47,magdalena,327302,0.9616,0.9592,0.6325,0.9025,0.7423000000000001,0.4247999999999999,1.1848999999999998,1.1428,1.3165,1.1474,0.9533,,,0.049,0.0635,0.0455999999999999,0.0509,0.0454,0.9107,0.0081,0.9155,0.0509,0.925,0.0403,0.0311,0.9155,0.0536,0.0296,0.0501999999999999,0.0311,0.0457,0.0675,0.0293
2022,50,meta,221130,0.9324,0.9317,0.6828,0.9028,0.7909999999999999,0.4842,1.0525,0.9587,1.0838,1.0754,0.9752,,,0.0518,0.0566,0.0453,0.0628,0.0401999999999999,0.8745,0.0023,0.8965000000000001,0.0628,0.9006000000000001,0.0737,0.0037,0.8965000000000001,0.1134,0.0592,0.0747,0.0037,0.0689,0.1081,0.0412999999999999
2022,52,narino,307217,0.8062999999999999,0.8058,0.5947,0.7543000000000001,0.6677,0.4178,0.9287,0.828,0.9386,0.9881,0.8382,,,0.0285,0.0206,0.0210999999999999,0.0383,0.0319,0.9201,0.003,0.9308,0.0383,0.9253,0.0513999999999999,0.0141,0.9308,0.0693,0.0428,0.0807,0.0141,0.0902999999999999,0.1,0.0349
2022,54,norte de santander,328869,0.9188,0.9181,0.6999,0.8895000000000001,0.7687,0.4665999999999999,1.0186,0.9787,1.0567,1.0306,0.9179,,,0.0449,0.0541,0.0436,0.0476999999999999,0.0345,0.8756,0.0028,0.8889,0.0476999999999999,0.8901,0.0795,0.0073,0.8889,0.1155,0.0754,0.0603,0.0073,0.0571,0.0853999999999999,0.0355
2022,63,quindio,81903,0.9529,0.9524,0.7432,0.9151,0.8511,0.5884,1.0521,0.9958,1.0497,1.1181,0.9586,,,0.0596999999999999,0.0630999999999999,0.0498,0.0724,0.0554,0.8673000000000001,0.0009,0.8981,0.0724,0.8837999999999999,0.073,0.0013,0.8981,0.1181,0.0608,0.0486,0.0013,0.0443,0.0728,0.0268
2022,66,risaralda,155669,0.9779,0.9752,0.7040000000000001,0.9285,0.8606,0.5451,1.1161,0.9938,1.0974,1.2029,1.0512,,,0.0642,0.0635,0.0515,0.0834999999999999,0.0537,0.8695,0.0062,0.9037,0.0834999999999999,0.8948,0.0663,0.0074,0.9037,0.1098,0.0513999999999999,0.057,0.0074,0.0544,0.0793,0.0329
2022,68,santander,405521,0.9667,0.9649,0.7328,0.9372,0.8459,0.5390999999999999,1.0707,1.0327,1.0667,1.1166,1.0081,,,0.0493,0.0596999999999999,0.0444,0.0579999999999999,0.0351,0.8748999999999999,0.0025,0.9032,0.0579999999999999,0.894,0.0758,0.0049,0.9032,0.1217,0.071,0.0643,0.0049,0.0491,0.1043,0.0401999999999999
2022,70,sucre,203779,0.9448,0.9441,0.6823,0.9168,0.7734000000000001,0.467,1.0724,1.2421,1.1055,1.0979,0.8619,,,0.039,0.0392,0.0293,0.0524,0.0348,0.8751000000000001,0.0023,0.8904000000000001,0.0524,0.888,0.086,0.0159,0.8904000000000001,0.1192,0.0771999999999999,0.0612,0.0159,0.062,0.0810999999999999,0.0371
2022,73,tolima,242793,1.0034999999999998,1.0026000000000002,0.769,0.9862,0.8587,0.5367999999999999,1.1139,1.1159,1.1469,1.1761,0.9204,,,0.0471,0.0463,0.0394,0.0594,0.0383,0.8839,0.0033,0.9034,0.0594,0.9077,0.069,0.0031,0.9034,0.1022,0.054,0.0621,0.0031,0.0617999999999999,0.085,0.0344
2022,76,valle del cauca,848047,0.7970999999999999,0.795,0.5959,0.7532,0.6857,0.4739,0.8931999999999999,0.8108,0.8818,0.9427,0.8626,,,0.0550999999999999,0.0594,0.0493,0.0653,0.0446,0.8648,0.0055,0.8878,0.0653,0.8906000000000001,0.0801,0.0079,0.8878,0.1215,0.0648,0.0633,0.0079,0.0622,0.0855,0.0383
2022,81,arauca,66682,0.927,0.9267,0.6927,0.8955,0.7098,0.3978,1.0514,1.0812,1.1302,1.0451,0.8388,,,0.0698,0.078,0.0731,0.0687,0.048,0.8853,0.005,0.887,0.0687,0.9168,0.0449,0.0203,0.887,0.0678,0.0352,0.0681,0.0203,0.0658,0.0988,0.0269
2022,85,casanare,95609,0.9341,0.9337,0.7177,0.9213,0.8004000000000001,0.4904,1.0268000000000002,0.9235,1.0558,1.1079,0.843,,,0.0398,0.0467,0.0343,0.0487999999999999,0.0298,0.8853,0.0021,0.9095,0.0487999999999999,0.9091,0.0749,0.0055,0.9095,0.1199,0.0612,0.0703,0.0055,0.0619,0.1057,0.0401999999999999
2022,86,putumayo,81190,0.8183,0.8181,0.5542,0.8138,0.6708,0.3903999999999999,0.9102,0.8824,0.9686,0.9414,0.7187,,,0.0654,0.0578,0.0525,0.0867,0.0599,0.8637,0.0038,0.8923000000000001,0.0867,0.8765000000000001,0.0709,0.0036,0.8923000000000001,0.1103,0.0635,0.0576,0.0036,0.0507,0.0871,0.0361
2022,88,"archipielago de san andres, providencia y santa catalina",10796,0.9705,0.9689,0.8188,0.9379,0.8711,0.568,1.028,0.9606,1.0322,1.1274,0.852,,,0.0322,0.0163,0.0264,0.0416,0.0343,0.8451000000000001,0.0,0.9003,0.0416,0.8284999999999999,0.1226999999999999,0.003,0.9003,0.2021,0.1372,0.0798,0.003,0.0913,0.0938,0.0487
2022,91,amazonas,23239,0.7725,0.7724,0.5473,0.7944,0.5518,0.2485,0.9058,0.9022,0.9993,0.8918,0.6901999999999999,,,0.0611,0.0608,0.0404,0.089,0.0778,0.8845000000000001,0.0012,0.9096,0.089,0.8773000000000001,0.0544,0.0225,0.9096,0.0789,0.0449,0.1042,0.0225,0.1181,0.1161,0.0674
2022,94,guainia,16612,0.6759999999999999,0.6759999999999999,0.5202,0.6774,0.3386,0.1026,0.7776000000000001,0.8042,1.0021,0.6833,0.3732,,,0.0708,0.0662,0.0567999999999999,0.1016,0.0625,0.7920999999999999,0.0123,0.7794,0.1016,0.8774,0.1371,0.0719,0.7794,0.1413,0.0601,0.1301999999999999,0.0719,0.1478,0.133,0.0495
2022,95,guaviare,22538,0.8014,0.8012999999999999,0.4574,0.7353000000000001,0.6446999999999999,0.3204999999999999,0.9571,0.7707999999999999,1.0013,1.0368000000000002,0.7793000000000001,,,0.0366999999999999,0.0562,0.0269,0.0487,0.0286,0.8741,0.0192,0.8906000000000001,0.0487,0.9105,0.0892,0.0108,0.8906000000000001,0.1217,0.0608999999999999,0.0839,0.0108,0.0877,0.1061999999999999,0.0406
2022,97,vaupes,15585,0.5550999999999999,0.5550999999999999,0.3718999999999999,0.5593,0.3429999999999999,0.1369,0.6601,0.5213,0.7915000000000001,0.6406999999999999,0.4392,,,0.0472,0.0443,0.0296,0.0726,0.0594,0.9254,0.0,0.9425,0.0726,0.9266,0.0274,0.0197,0.9425,0.0358,0.0139999999999999,0.0926,0.0197,0.1173,0.0809,0.042
2022,99,vichada,33949,0.6698999999999999,0.6698000000000001,0.4858,0.7602,0.2891,0.1158,0.7403,0.6288,1.1048,0.5261,0.2955,,,0.0658,0.0515,0.0638,0.0765,0.0611,0.7629,0.0012,0.7204999999999999,0.0765,0.8734999999999999,0.1714,0.0036,0.7204999999999999,0.1273,0.0654,0.1424,0.0036,0.1803,0.1031,0.0519
2023,5,antioquia,1131546,0.9207,0.9189,0.7225,0.8803,0.7926000000000001,0.5334,1.0261,0.8995000000000001,1.0207,1.1057,0.9434,,,0.0483,0.0405,0.0409,0.0633,0.0375,0.8669,0.0023,0.8937999999999999,0.0633,0.8976999999999999,0.0847,0.0194,0.8937999999999999,0.1334,0.0649,0.0969,0.0194,0.0953999999999999,0.1352,0.0423
2023,8,atlantico,545813,0.9406,0.9363,0.6586,0.8959,0.7914,0.5529999999999999,1.0235,0.9327,1.0568,1.0234,0.9845,,,0.0233999999999999,0.0334,0.0237999999999999,0.0241,0.0143,0.9118,0.0073,0.9196,0.0241,0.9402,0.0648,0.0699,0.9196,0.0944999999999999,0.0455,0.0698,0.0699,0.0791999999999999,0.0745,0.0227
2023,11,"bogota, d.c.",1141573,0.929,0.924,0.6143,0.8697,0.8648,0.6442,1.0088,0.7517,0.9791,1.0819,1.073,,,0.0282,0.0324,0.0269,0.0317,0.0216,0.894,0.0037,0.9187,0.0317,0.9135,0.0778,0.0166,0.9187,0.1257,0.065,0.0755,0.0166,0.0711,0.1098,0.032
2023,13,bolivar,464501,0.9962,0.9952,0.6884,0.9592,0.8301999999999999,0.5204,1.1253,1.0648,1.1659,1.1477,1.0076,,,0.0356999999999999,0.0478,0.0297,0.0426,0.0302999999999999,0.8941,0.0038,0.9123,0.0426,0.9052,0.0702,0.0650999999999999,0.9123,0.105,0.0645,0.0926999999999999,0.0650999999999999,0.1008,0.1082,0.0369
2023,15,boyaca,233865,0.9198,0.9192,0.7142000000000001,0.8774,0.848,0.6034,1.0085,0.8965000000000001,0.9819,1.0863,0.9692,,,0.0243,0.0231,0.016,0.0336,0.0237999999999999,0.9071,0.0032,0.9415,0.0336,0.9222,0.0686,0.0202,0.9415,0.1147,0.0538999999999999,0.08,0.0202,0.0672,0.121,0.0405
2023,17,caldas,159795,0.8081,0.8069,0.6148,0.7654000000000001,0.7195999999999999,0.5144,0.9011,0.7743000000000001,0.8773000000000001,0.9689,0.8867,,,0.0335,0.0305,0.0254,0.0455,0.0289,0.8922,0.0059,0.9206,0.0455,0.9145,0.0742,0.0256999999999999,0.9206,0.1186999999999999,0.0566,0.0866,0.0256999999999999,0.0815,0.1252,0.0375
2023,18,caqueta,97237,0.8321999999999999,0.8318000000000001,0.5815,0.8362,0.6481999999999999,0.3339,0.9302,0.8801000000000001,1.0459,0.9178,0.6917,,,0.0689,0.063,0.0584,0.0897,0.057,0.8631,0.003,0.879,0.0897,0.894,0.068,0.0462,0.879,0.0975,0.0491,0.1135999999999999,0.0462,0.131,0.1266,0.0355
2023,19,cauca,294377,0.8468000000000001,0.8465,0.5747,0.845,0.6965,0.4226,0.9632,0.9159,1.0228,0.9758,0.818,,,0.0359,0.0329,0.0214,0.055,0.0407,0.8929,0.0074,0.9147,0.055,0.9044,0.0712,0.0452,0.9147,0.1025,0.0549,0.0922,0.0452,0.0989,0.1119999999999999,0.0436
2023,20,cesar,310910,0.8689,0.867,0.5902000000000001,0.8387,0.7045999999999999,0.4088,0.9569,0.9298,1.0426,0.9572,0.7498,,,0.0479,0.0579999999999999,0.0412,0.0594,0.0333,0.8734000000000001,0.0054,0.8969,0.0594,0.8975,0.0787,0.0552,0.8969,0.1216,0.0692,0.0953,0.0552,0.1033999999999999,0.1113,0.0404
2023,23,cordoba,391239,0.8887999999999999,0.888,0.5274,0.8245999999999999,0.7579,0.5038,0.9955,0.952,1.0049,1.0408,0.9029,,,0.0352,0.0533999999999999,0.0210999999999999,0.0476999999999999,0.0368,0.8856,0.006,0.9122,0.0476999999999999,0.8883,0.0791999999999999,0.0775,0.9122,0.1125999999999999,0.0748,0.1052,0.0775,0.1076999999999999,0.1275,0.0545
2023,25,cundinamarca,598065,0.9359,0.9332,0.6291,0.8870999999999999,0.8525,0.5655,1.0174,0.8756,1.0098,1.1034,0.9371,,,0.0377,0.0449,0.0302999999999999,0.0483,0.0287,0.8962,0.0048,0.9279,0.0483,0.9173,0.0661,0.0409,0.9279,0.1105,0.054,0.0828999999999999,0.0409,0.0709,0.1223,0.0358
2023,27,choco,147698,0.8491,0.8491,0.5521,0.8606999999999999,0.6103000000000001,0.296,1.0301,0.945,1.128,1.0339,0.8178,,,0.0232,0.018,0.0200999999999999,0.0299,0.0207,0.8924,0.0026,0.8934000000000001,0.0299,0.9229,0.0843999999999999,0.0227999999999999,0.8934000000000001,0.1089,0.0565,0.1059,0.0227999999999999,0.1295,0.1133,0.0319
2023,41,huila,248849,0.9052,0.9041,0.6631999999999999,0.9233,0.7624,0.4809,0.9953,0.9321,1.064,1.012,0.8177,,,0.0457,0.0355,0.0287,0.0731,0.0418,0.8748999999999999,0.0003,0.9169,0.0731,0.8839,0.0794,0.0141,0.9169,0.135,0.0742999999999999,0.0843,0.0141,0.085,0.1138,0.0444
2023,44,la guajira,266038,0.9896,0.9891,0.8351999999999999,1.0085,0.6098,0.2996,1.0945,1.2086,1.3501,0.9489,0.6335000000000001,,,0.0329,0.0323,0.0308999999999999,0.0392,0.0245,0.8712000000000001,0.0155,0.8729,0.0392,0.9076,0.0959,0.0828,0.8729,0.1296,0.068,0.1292,0.0828,0.1462,0.1348,0.0454
2023,47,magdalena,326763,0.9534,0.9508,0.6505,0.8942,0.7421,0.4379,1.1408,1.1214,1.2295,1.1325,0.9484,,,0.0385999999999999,0.0452,0.0355,0.0423,0.0347,0.9097,0.0133,0.9214,0.0423,0.9229,0.0516999999999999,0.1467999999999999,0.9214,0.0747,0.0423,0.104,0.1467999999999999,0.1157,0.0996,0.0416
2023,50,meta,221701,0.9243,0.9237,0.6801,0.9039,0.7781,0.4952,1.0433,0.928,1.078,1.042,1.0159,,,0.0467,0.0479,0.0395,0.0611,0.0313,0.8745,0.0022,0.9005,0.0611,0.9025,0.0788,0.0331,0.9005,0.1239,0.0662,0.0969,0.0331,0.1,0.1261999999999999,0.0374
2023,52,narino,306503,0.7828,0.7824,0.5545,0.7386,0.6470999999999999,0.4243,0.8937,0.7461,0.9153,0.9436,0.8153,,,0.0212,0.0149,0.0156,0.0301,0.0197999999999999,0.9275,0.0019,0.9418,0.0301,0.9395,0.0513,0.0368,0.9418,0.0767,0.0407,0.0993999999999999,0.0368,0.1099,0.1219,0.0383
2023,54,norte de santander,329874,0.9117,0.9111,0.6884999999999999,0.8868,0.7555,0.4914,1.0116,0.9625,1.0519,1.0027,0.9507,,,0.0479,0.0547,0.0436,0.0569,0.0348,0.8673000000000001,0.0044,0.8926000000000001,0.0569,0.8858,0.0849,0.0256,0.8926000000000001,0.1356,0.0794,0.0819,0.0256,0.0883999999999999,0.1009,0.0409
2023,63,quindio,82112,0.9278,0.9273,0.7203,0.8970999999999999,0.8161,0.583,1.0167,0.9485,1.0364,1.063,0.9129,,,0.0552,0.0530999999999999,0.0434,0.0726,0.0498,0.8642,0.003,0.9004000000000001,0.0726,0.8825,0.0805,0.0182,0.9004000000000001,0.1333,0.0678,0.0809,0.0182,0.0739,0.122,0.0371
2023,66,risaralda,155482,0.9587,0.9561,0.6733,0.9141,0.8270000000000001,0.5677,1.0759,0.947,1.0743,1.1372,1.0215,,,0.0559999999999999,0.0662,0.0464,0.0712,0.0426,0.8769,0.0031,0.9085,0.0712,0.9036,0.0670999999999999,0.0349,0.9085,0.1125,0.0538,0.0843999999999999,0.0349,0.0759,0.1227999999999999,0.0397
2023,68,santander,405256,0.958,0.9564,0.7127,0.9298,0.8340000000000001,0.5602,1.0585,0.9875,1.0596,1.0881,1.0312,,,0.042,0.0471,0.034,0.0545,0.0323,0.8814,0.0033,0.9182,0.0545,0.8985,0.0765,0.0295,0.9182,0.1295,0.0692,0.0799,0.0295,0.0732,0.1134,0.0407
2023,70,sucre,203607,0.925,0.9244,0.6929000000000001,0.8916,0.7635,0.4745,1.0468000000000002,1.213,1.0772,1.056,0.8774,,,0.0304,0.0355,0.0219,0.0408,0.0279999999999999,0.8835999999999999,0.0022,0.9113,0.0408,0.8842,0.0859,0.1701,0.9113,0.1322,0.0877999999999999,0.1156,0.1701,0.1144,0.1257,0.0519
2023,73,tolima,239730,0.9913,0.9904,0.7637999999999999,0.9824,0.8393999999999999,0.5477000000000001,1.0966,1.0888,1.1429,1.1283,0.9356,,,0.042,0.0393,0.034,0.0553,0.0344,0.8933,0.0049,0.9172,0.0553,0.9128,0.0647,0.0421,0.9172,0.1013,0.0528,0.0861,0.0421,0.0919,0.1089,0.0331
2023,76,valle del cauca,842813,0.7809,0.779,0.5861,0.7478,0.6648000000000001,0.4635,0.8708,0.7783,0.8747,0.9027,0.8423999999999999,,,0.0521999999999999,0.0550999999999999,0.0464,0.0642,0.0381,0.8634999999999999,0.0084,0.8892,0.0642,0.8919,0.0843,0.0519,0.8892,0.1293,0.07,0.0908,0.0519,0.0901,0.1193,0.0403
2023,81,arauca,67389,0.9096,0.9092,0.6715000000000001,0.8805,0.6981999999999999,0.412,1.0271,1.0143,1.1043,1.0113,0.8606999999999999,,,0.0454,0.0433,0.0438,0.0525,0.0329,0.8828,0.0063,0.8923000000000001,0.0525,0.9063,0.0718,0.0581,0.8923000000000001,0.1067999999999999,0.0608,0.0972,0.0581,0.1109,0.1073,0.0342
2023,85,casanare,96200,0.9281,0.9279,0.7152,0.9128,0.7947,0.5104,1.0156,0.9046,1.0427,1.0822,0.8684999999999999,,,0.0384,0.0362,0.0323,0.0501,0.0297,0.8904000000000001,0.0014,0.9167,0.0501,0.9126,0.0712,0.0176,0.9167,0.1177,0.0576999999999999,0.0793,0.0176,0.0775,0.1112,0.035
2023,86,putumayo,81178,0.82,0.8198000000000001,0.5481,0.8023,0.6679999999999999,0.3977,0.9167,0.8954000000000001,0.9647,0.9449,0.7534000000000001,,,0.0572,0.0536,0.0436,0.0795,0.0487,0.8704999999999999,0.0056999999999999,0.9038,0.0795,0.8909,0.0723,0.0305,0.9038,0.1193,0.0604,0.0982,0.0305,0.0982,0.1299,0.0548
2023,88,"archipielago de san andres, providencia y santa catalina",10783,0.96,0.9597,0.7968000000000001,0.9402,0.8534999999999999,0.5406,1.0155,0.9309,1.0607,1.0778,0.8138,,,0.0305,0.0272,0.0209,0.0424,0.0333,0.8913,0.0,0.9224,0.0424,0.9049,0.0781,0.0204,0.9224,0.1271,0.0617999999999999,0.113,0.0204,0.0925,0.1709,0.0771
2023,91,amazonas,23247,0.7576,0.7574,0.4926,0.7716,0.5413,0.2644,0.8704000000000001,0.8612000000000001,0.984,0.8437,0.6381,,,0.0501,0.0530999999999999,0.0326,0.0677,0.0779,0.8813,0.0019,0.9058,0.0677,0.8521,0.0686,0.0472,0.9058,0.0966,0.07,0.1371,0.0472,0.1578999999999999,0.1559,0.0511
2023,94,guainia,16704,0.7161,0.7155,0.6235,0.7020000000000001,0.3675,0.1067,0.8253,0.8881,1.0659,0.7016,0.4285,,,0.0603,0.057,0.0492,0.0878999999999999,0.043,0.8106,0.0093999999999999,0.8040999999999999,0.0878999999999999,0.8774,0.1291,0.0596,0.8040999999999999,0.1454,0.0797,0.1568999999999999,0.0596,0.1912,0.1473,0.0524
2023,95,guaviare,22896,0.7756000000000001,0.7755,0.4757,0.7132999999999999,0.6225,0.3369,0.9307,0.8104,0.9816,0.9794,0.7633,,,0.0562,0.0797,0.0491,0.0679,0.0339,0.8528,0.005,0.8765999999999999,0.0679,0.911,0.0911,0.0676,0.8765999999999999,0.1481,0.0550999999999999,0.1077999999999999,0.0676,0.1175,0.1291,0.0218
2023,97,vaupes,15476,0.5517,0.5517,0.3985,0.5378000000000001,0.3709,0.1384999999999999,0.6542,0.6091,0.7631999999999999,0.6417,0.437,,,0.0438,0.0213,0.0260999999999999,0.0692,0.0658,0.9095,0.0043,0.9398,0.0692,0.8926000000000001,0.0467,0.0866,0.9398,0.0764,0.0416,0.1656,0.0866,0.2141,0.1372,0.0681
2023,99,vichada,33816,0.6762999999999999,0.6762999999999999,0.5188,0.7584000000000001,0.2965,0.1124,0.7536,0.7328,1.1028,0.5448,0.3021999999999999,,,0.068,0.0584,0.0678,0.0773,0.0454,0.7861,0.0005,0.7532,0.0773,0.8942,0.1459,0.0068,0.7532,0.128,0.0605,0.1737,0.0068,0.2276999999999999,0.1174,0.0529
